City_ID,City,Country,Date,Lat,Lng,Max Temp,Humidity,Cloudiness,Wind Speed
0,Qaqortoq,GL,2021-05-28 01:31:27,60.7167,-46.0333,52.3,68,97,4.59
1,Shache,CN,2021-05-28 01:36:38,38.4167,77.2406,77.05,24,0,6.64
2,Barrow,US,2021-05-28 01:30:46,71.2906,-156.7887,33.82,69,90,14.97
3,Avarua,CK,2021-05-28 01:30:19,-21.2078,-159.775,84.25,79,75,14.97
4,Port Hedland,AU,2021-05-28 01:30:29,-20.3167,118.5667,82.45,32,75,20.71
5,Kirensk,RU,2021-05-28 01:36:39,57.7853,108.1119,57.22,36,7,4.88
6,Kodiak,US,2021-05-28 01:27:35,57.79,-152.4072,58.51,58,1,10.36
7,Mataura,NZ,2021-05-28 01:30:22,-46.1927,168.8643,49.48,92,100,3.76
8,Hermanus,ZA,2021-05-28 01:33:04,-34.4187,19.2345,55.9,78,98,13.71
9,Yellowknife,CA,2021-05-28 01:30:19,62.456,-114.3525,58.28,38,75,4.61
10,Bredasdorp,ZA,2021-05-28 01:30:16,-34.5322,20.0403,63.28,63,100,9.37
11,Port Elizabeth,ZA,2021-05-28 01:31:13,-33.918,25.5701,57.49,62,0,5.75
12,Celestun,MX,2021-05-28 01:36:40,20.8667,-90.4,80.01,75,71,17.85
13,Dingle,PH,2021-05-28 01:28:06,10.9995,122.6711,86.54,68,78,4.47
14,Srednekolymsk,RU,2021-05-28 01:31:41,67.45,153.6833,58.08,33,5,24.96
15,Merauke,ID,2021-05-28 01:36:41,-8.4667,140.3333,82.96,69,52,11.36
16,Novyy Urengoy,RU,2021-05-28 01:31:18,66.0833,76.6333,34.2,58,99,14.29
17,Kenitra,MA,2021-05-28 01:33:23,34.261,-6.5802,67.73,80,22,6.26
18,Rikitea,PF,2021-05-28 01:29:53,-23.1203,-134.9692,71.17,58,32,4.41
19,Hobart,AU,2021-05-28 01:26:00,-42.8794,147.3294,49.86,59,40,5.01
20,Iqaluit,CA,2021-05-28 01:30:26,63.7506,-68.5145,32.7,74,90,11.01
21,Busselton,AU,2021-05-28 01:29:57,-33.65,115.3333,65.05,63,1,12.19
22,Pangnirtung,CA,2021-05-28 01:36:42,66.1451,-65.7125,26.82,95,74,2.13
23,Cape Town,ZA,2021-05-28 01:30:05,-33.9258,18.4232,58.87,91,90,3.0
24,Hamilton,US,2021-05-28 01:30:00,39.1834,-84.5333,74.84,74,1,3.51
25,Tasiilaq,GL,2021-05-28 01:30:21,65.6145,-37.6368,41.16,89,17,5.79
26,Staraya Poltavka,RU,2021-05-28 01:36:43,50.4772,46.4814,59.79,61,98,10.58
27,Christchurch,NZ,2021-05-28 01:33:17,-43.5333,172.6333,53.91,73,90,4.0
28,Butaritari,KI,2021-05-28 01:30:20,3.0707,172.7902,83.91,78,64,16.2
29,Soledar,UA,2021-05-28 01:36:43,48.6794,38.089,64.08,64,100,4.0
30,Rosa Zarate,EC,2021-05-28 01:36:44,0.3333,-79.4667,73.47,97,100,1.36
31,Chadiza,ZM,2021-05-28 01:36:44,-14.0678,32.4392,48.97,67,0,2.13
32,Hami,CN,2021-05-28 01:32:18,42.8,93.45,87.24,9,100,3.74
33,Ancud,CL,2021-05-28 01:31:35,-41.8697,-73.8203,49.53,84,100,20.96
34,Bethel,US,2021-05-28 01:28:07,41.3712,-73.414,70.38,53,1,6.91
35,Beringovskiy,RU,2021-05-28 01:32:22,63.05,179.3167,33.4,97,100,6.93
36,Hilo,US,2021-05-28 01:26:28,19.7297,-155.09,82.27,71,20,11.5
37,Dikson,RU,2021-05-28 01:30:53,73.5069,80.5464,24.22,97,85,7.07
38,Korla,CN,2021-05-28 01:29:59,41.7597,86.1469,78.3,14,2,1.72
39,Bubaque,GW,2021-05-28 01:33:01,11.2833,-15.8333,77.9,76,11,2.91
40,Huarmey,PE,2021-05-28 01:31:10,-10.0681,-78.1522,66.67,92,49,5.88
41,Dubai,AE,2021-05-28 01:34:18,25.2582,55.3047,85.21,61,0,9.22
42,Kapaa,US,2021-05-28 01:26:11,22.0752,-159.319,84.18,69,20,4.0
43,Batagay,RU,2021-05-28 01:36:46,67.6333,134.6333,65.43,33,91,5.28
44,Saldanha,ZA,2021-05-28 01:30:49,-33.0117,17.9442,57.25,89,100,13.85
45,Chuy,UY,2021-05-28 01:27:48,-33.6971,-53.4616,55.85,89,0,7.7
46,Tocopilla,CL,2021-05-28 01:31:53,-22.092,-70.1979,66.65,75,83,1.45
47,Santona,ES,2021-05-28 01:36:47,43.4439,-3.4576,58.06,81,100,3.24
48,Arys,KZ,2021-05-28 01:36:47,42.4252,68.795,73.62,40,64,7.99
49,Ejido,VE,2021-05-28 01:36:47,8.5514,-71.2375,67.6,88,99,1.66
50,Healdsburg,US,2021-05-28 01:32:47,38.6105,-122.8692,82.45,46,1,10.4
51,Denpasar,ID,2021-05-28 01:36:48,-8.65,115.2167,80.26,94,75,10.63
52,Ushuaia,AR,2021-05-28 01:29:19,-54.8,-68.3,28.06,100,75,17.27
53,Bluff,NZ,2021-05-28 01:28:01,-46.6,168.3333,49.8,87,100,5.06
54,Nantucket,US,2021-05-28 01:29:59,41.2835,-70.0995,67.06,89,1,5.75
55,Albany,US,2021-05-28 01:33:03,42.6001,-73.9662,60.75,58,99,5.3
56,New Norfolk,AU,2021-05-28 01:30:09,-42.7826,147.0587,49.5,55,67,3.0
57,Ambon,ID,2021-05-28 01:33:46,-3.6954,128.1814,86.14,70,40,12.46
58,Jumla,NP,2021-05-28 01:36:49,29.2747,82.1838,56.01,92,100,4.43
59,Cape Girardeau,US,2021-05-28 01:36:49,37.3834,-89.7168,67.69,93,100,15.21
60,Georgetown,MY,2021-05-28 01:31:46,5.4112,100.3354,82.35,84,20,1.01
61,Diego De Almagro,CL,2021-05-28 01:36:50,-26.3667,-70.05,61.57,52,64,2.1
62,Gazojak,TM,2021-05-28 01:36:50,41.1875,61.4036,83.53,29,13,9.46
63,Isangel,VU,2021-05-28 01:31:20,-19.55,169.2667,78.91,65,75,2.51
64,Qaanaaq,GL,2021-05-28 01:29:19,77.484,-69.3632,37.62,71,85,7.58
65,Cidreira,BR,2021-05-28 01:31:04,-30.1811,-50.2056,60.93,76,0,9.6
66,Vaini,TO,2021-05-28 01:29:58,-21.2,-175.2,77.16,73,20,10.36
67,Touros,BR,2021-05-28 01:30:29,-5.1989,-35.4608,76.1,86,18,12.71
68,Saint-Philippe,RE,2021-05-28 01:29:58,-21.3585,55.7679,71.19,77,37,4.07
69,Tombouctou,ML,2021-05-28 01:32:42,20.0,-3.0,90.66,15,100,11.05
70,Ipixuna,BR,2021-05-28 01:36:51,-1.7625,-48.8043,80.55,88,99,4.68
71,Iralaya,HN,2021-05-28 01:36:52,15.0,-83.2333,80.37,80,17,11.21
72,Punta Arenas,CL,2021-05-28 01:32:59,-53.15,-70.9167,32.02,86,0,14.67
73,Homer,US,2021-05-28 01:31:49,59.6425,-151.5483,62.08,60,1,11.5
74,Puerto Ayora,EC,2021-05-28 01:27:47,-0.7393,-90.3518,75.54,93,98,7.0
75,Esperance,AU,2021-05-28 01:32:51,-33.8667,121.9,58.84,43,0,16.53
76,Lerwick,GB,2021-05-28 01:36:53,60.1545,-1.1494,46.4,90,11,6.82
77,Yuanping,CN,2021-05-28 01:36:53,38.7153,112.7575,68.79,15,0,12.15
78,Taylor,US,2021-05-28 01:34:43,32.3001,-99.8337,82.76,69,1,5.99
79,Raudeberg,NO,2021-05-28 01:36:54,61.9875,5.1352,48.87,88,7,11.99
80,Pevek,RU,2021-05-28 01:31:37,69.7008,170.3133,37.2,75,62,3.27
81,Sinnamary,GF,2021-05-28 01:36:54,5.3833,-52.95,75.81,93,100,9.44
82,Antofagasta,CL,2021-05-28 01:36:55,-23.65,-70.4,58.28,80,74,3.47
83,Miles City,US,2021-05-28 01:36:55,46.4083,-105.8406,56.37,54,1,14.97
84,Bose,IT,2021-05-28 01:36:55,45.4612,8.0137,58.48,61,7,3.22
85,Severo-Kurilsk,RU,2021-05-28 01:31:21,50.6789,156.125,40.62,80,83,10.49
86,Hayrabolu,TR,2021-05-28 01:36:56,41.2131,27.1069,58.46,90,43,3.87
87,Comodoro Rivadavia,AR,2021-05-28 01:32:26,-45.8667,-67.5,49.86,62,75,10.36
88,Monkey Bay,MW,2021-05-28 01:36:57,-14.0728,34.9201,65.68,59,0,10.51
89,Nkhotakota,MW,2021-05-28 01:36:17,-12.9274,34.2961,61.56,69,0,6.02
90,Kaitangata,NZ,2021-05-28 01:30:50,-46.2817,169.8464,45.73,93,100,2.77
91,Taltal,CL,2021-05-28 01:36:58,-25.4,-70.4833,61.34,84,24,2.1
92,Mehamn,NO,2021-05-28 01:33:15,71.0357,27.8492,35.47,81,100,20.8
93,Poplar Bluff,US,2021-05-28 01:33:27,36.757,-90.3929,69.58,90,75,6.91
94,Segezha,RU,2021-05-28 01:36:59,63.7415,34.3222,42.57,95,88,6.13
95,Bima,ID,2021-05-28 01:31:45,-8.4667,118.7167,85.64,66,81,5.57
96,Kota Belud,MY,2021-05-28 01:37:00,6.351,116.4305,85.86,79,90,1.21
97,Clyde River,CA,2021-05-28 01:31:44,70.4692,-68.5914,28.63,86,90,5.75
98,Tuktoyaktuk,CA,2021-05-28 01:30:35,69.4541,-133.0374,28.4,80,90,11.5
99,Norman Wells,CA,2021-05-28 01:29:54,65.282,-126.8329,48.24,57,90,4.61
100,Souillac,MU,2021-05-28 01:31:05,-20.5167,57.5167,74.35,88,75,6.42
101,Nanortalik,GL,2021-05-28 01:31:00,60.1432,-45.2371,41.27,76,70,1.68
102,Weatherford,US,2021-05-28 01:34:50,32.7593,-97.7972,85.05,89,54,11.52
103,Khatanga,RU,2021-05-28 01:30:20,71.9667,102.5,31.69,88,92,11.68
104,Zheleznodorozhnyy,RU,2021-05-28 01:37:01,55.7503,38.0042,59.52,96,71,3.13
105,Taos,US,2021-05-28 01:37:01,36.4072,-105.5731,72.0,14,40,5.84
106,Shizukuishi,JP,2021-05-28 01:37:02,39.6833,140.9833,63.37,67,37,9.55
107,Zhengjiatun,CN,2021-05-28 01:37:02,43.5064,123.5064,62.44,47,100,11.54
108,Atuona,PF,2021-05-28 01:30:13,-9.8,-139.0333,78.8,74,56,13.91
109,Sakaiminato,JP,2021-05-28 01:37:02,35.55,133.2333,75.13,56,20,4.61
110,Haimen,CN,2021-05-28 01:37:03,23.1935,116.6142,91.29,64,100,10.27
111,Evensk,RU,2021-05-28 01:29:29,61.95,159.2333,39.99,83,86,7.2
112,Lebu,CL,2021-05-28 01:27:27,-37.6167,-73.65,53.82,84,47,11.14
113,Port Lincoln,AU,2021-05-28 01:31:34,-34.7333,135.8667,61.59,58,100,9.64
114,Faanui,PF,2021-05-28 01:30:20,-16.4833,-151.75,81.19,66,15,9.64
115,Cayenne,GF,2021-05-28 01:30:06,4.9333,-52.3333,76.08,90,20,5.77
116,Victoria,HK,2021-05-28 01:26:38,22.2855,114.1577,91.26,78,100,1.99
117,Progreso,MX,2021-05-28 01:32:50,21.2833,-89.6667,84.31,82,100,15.9
118,Sao Filipe,CV,2021-05-28 01:33:47,14.8961,-24.4956,72.99,77,2,7.83
119,Barra Do Garcas,BR,2021-05-28 01:37:04,-15.89,-52.2567,74.97,54,35,3.24
120,Ilulissat,GL,2021-05-28 01:32:25,69.2167,-51.1,53.62,32,100,11.5
121,Hede,CN,2021-05-28 01:37:05,33.7681,120.2517,83.12,21,1,17.2
122,Tutayev,RU,2021-05-28 01:37:05,57.8853,39.5406,51.28,97,100,3.53
123,Mar Del Plata,AR,2021-05-28 01:30:14,-38.0023,-57.5575,64.0,49,0,8.01
124,Saint Anthony,US,2021-05-28 01:32:02,45.0205,-93.218,44.94,88,90,1.99
125,Castro,BR,2021-05-28 01:30:58,-24.7911,-50.0119,58.51,87,39,2.59
126,Upernavik,GL,2021-05-28 01:27:56,72.7868,-56.1549,36.37,86,100,7.52
127,Brae,GB,2021-05-28 01:32:38,60.3964,-1.353,46.31,88,12,5.53
128,Constitucion,CL,2021-05-28 01:28:15,-35.3333,-72.4167,56.79,94,100,6.26
129,Airai,TL,2021-05-28 01:28:20,-8.9266,125.4092,65.66,71,59,5.01
130,Minden,DE,2021-05-28 01:37:07,52.2833,8.9167,50.22,87,66,5.12
131,Manhattan,US,2021-05-28 01:34:08,40.7834,-73.9662,73.53,42,1,5.75
132,Thompson,CA,2021-05-28 01:29:57,55.7435,-97.8558,53.76,30,40,11.5
133,Sobolevo,RU,2021-05-28 01:37:07,54.4299,31.8996,52.57,89,100,3.27
134,Port-Gentil,GA,2021-05-28 01:30:52,-0.7193,8.7815,77.86,83,100,8.97
135,Hofn,IS,2021-05-28 01:31:32,64.2539,-15.2082,43.54,84,100,10.29
136,Saint George,US,2021-05-28 01:32:50,37.1041,-113.5841,93.67,9,1,7.0
137,Kaeo,NZ,2021-05-28 01:37:08,-35.1,173.7833,67.32,74,1,11.68
138,Kruisfontein,ZA,2021-05-28 01:30:00,-34.0033,24.7314,55.2,69,8,7.47
139,Zafarabad,IN,2021-05-28 01:37:08,25.7,82.7333,75.22,94,100,17.78
140,Belyy Yar,RU,2021-05-28 01:37:09,53.6039,91.3903,62.49,77,40,13.09
141,San Luis,AR,2021-05-28 01:34:46,-33.295,-66.3356,59.11,50,100,12.53
142,Chokurdakh,RU,2021-05-28 01:30:16,70.6333,147.9167,44.55,54,100,12.35
143,Jalu,LY,2021-05-28 01:31:57,29.0331,21.5482,77.34,26,0,8.34
144,Bengkulu,ID,2021-05-28 01:30:11,-3.8004,102.2655,81.93,76,77,1.52
145,Caravelas,BR,2021-05-28 01:31:11,-17.7125,-39.2481,73.29,84,32,5.39
146,Taloqan,AF,2021-05-28 01:37:10,36.7361,69.5345,78.8,28,49,4.25
147,Maniitsoq,GL,2021-05-28 01:37:10,65.4167,-52.9,33.06,90,58,0.54
148,Qasigiannguit,GL,2021-05-28 01:37:11,68.8193,-51.1922,53.85,54,100,6.55
149,Nikolskoye,RU,2021-05-28 01:30:12,59.7035,30.7861,49.39,99,33,3.87
150,Homa Bay,KE,2021-05-28 01:37:12,-0.5273,34.4571,63.93,82,100,3.51
151,Victor Harbor,AU,2021-05-28 01:37:12,-35.5667,138.6167,61.72,77,100,1.01
152,Provideniya,RU,2021-05-28 01:30:10,64.3833,-173.3,44.71,61,0,17.9
153,Muros,ES,2021-05-28 01:31:17,42.7762,-9.0603,61.23,71,71,4.14
154,Olafsvik,IS,2021-05-28 01:30:38,64.8945,-23.7142,46.11,74,88,15.37
155,Anori,BR,2021-05-28 01:37:13,-3.7728,-61.6442,78.75,78,100,2.82
156,Komsomolskiy,UZ,2021-05-28 01:29:09,40.4272,71.7189,72.32,37,0,2.3
157,Juli,PE,2021-05-28 01:37:13,-16.2167,-69.45,40.33,75,79,4.74
158,Ketchikan,US,2021-05-28 01:32:45,55.3422,-131.6461,57.18,51,2,6.89
159,Sabha,LY,2021-05-28 01:30:04,27.0377,14.4283,84.58,14,29,15.7
160,Panalingaan,PH,2021-05-28 01:37:14,8.7842,117.4231,87.46,65,57,2.62
161,Cairns,AU,2021-05-28 01:37:14,-16.9167,145.7667,81.1,66,75,12.66
162,Laguna,US,2021-05-28 01:32:07,38.421,-121.4238,90.75,39,1,7.0
163,Alofi,NU,2021-05-28 01:34:02,-19.0595,-169.9187,82.29,74,40,8.05
164,Giyon,ET,2021-05-28 01:37:15,8.5333,37.9833,57.47,84,11,1.63
165,Longyearbyen,SJ,2021-05-28 01:31:16,78.2186,15.6401,30.04,59,20,11.5
166,Alyangula,AU,2021-05-28 01:37:15,-13.8483,136.4192,80.47,61,63,17.38
167,Hurricane,US,2021-05-28 01:37:15,37.1753,-113.2899,91.74,12,0,7.23
168,Port Alfred,ZA,2021-05-28 01:27:31,-33.5906,26.891,59.76,78,17,9.78
169,Ostrovnoy,RU,2021-05-28 01:37:16,68.0531,39.5131,41.34,78,98,18.52
170,Okato,NZ,2021-05-28 01:37:16,-39.2,173.8833,55.42,87,97,16.31
171,Guerrero Negro,MX,2021-05-28 01:28:52,27.9769,-114.0611,63.45,67,0,22.7
172,Vila Velha,BR,2021-05-28 01:28:45,-20.3297,-40.2925,72.95,95,40,1.01
173,Carnarvon,AU,2021-05-28 01:31:08,-24.8667,113.6333,73.47,64,0,10.36
174,Bontang,ID,2021-05-28 01:32:13,0.1333,117.5,83.82,75,30,2.19
175,Noumea,NC,2021-05-28 01:36:36,-22.2763,166.4572,76.98,99,100,5.08
176,Fortuna,US,2021-05-28 01:31:58,40.5982,-124.1573,62.65,67,90,5.01
177,Ulundi,ZA,2021-05-28 01:37:18,-28.3352,31.4162,58.68,37,54,6.6
178,Luderitz,NA,2021-05-28 01:28:43,-26.6481,15.1594,57.79,71,6,7.61
179,Margate,GB,2021-05-28 01:30:12,51.3813,1.3862,51.31,80,100,1.99
180,Nhulunbuy,AU,2021-05-28 01:30:17,-12.2333,136.7667,81.21,65,75,17.27
181,Bambous Virieux,MU,2021-05-28 01:28:08,-20.3428,57.7575,74.21,88,75,9.55
182,Biak,ID,2021-05-28 01:37:18,-0.9131,122.8766,83.14,68,13,6.46
183,Hanna,CA,2021-05-28 01:37:19,51.6334,-111.9018,74.71,32,63,11.99
184,Fort Nelson,CA,2021-05-28 01:30:07,58.8053,-122.7002,63.99,25,75,8.05
185,Saskylakh,RU,2021-05-28 01:33:09,71.9167,114.0833,34.97,66,93,5.14
186,Tilichiki,RU,2021-05-28 01:37:19,60.4667,166.1,38.48,82,97,11.41
187,Port Hardy,CA,2021-05-28 01:27:55,50.6996,-127.4199,50.18,87,75,9.22
188,Matay,EG,2021-05-28 01:37:20,28.419,30.7792,74.7,42,0,9.01
189,Cherskiy,RU,2021-05-28 01:31:08,68.75,161.3,60.22,27,100,20.36
190,Jamestown,US,2021-05-28 01:27:29,42.097,-79.2353,56.52,66,1,4.61
191,Debre Birhan,ET,2021-05-28 01:37:21,9.6833,39.5333,50.92,67,21,2.48
192,Nara,JP,2021-05-28 01:32:03,34.6851,135.8049,72.5,54,100,3.94
193,Whitehorse,CA,2021-05-28 01:29:41,60.7161,-135.0538,64.02,24,75,17.0
194,Oka,CA,2021-05-28 01:37:21,45.4649,-74.0889,51.94,47,21,10.71
195,Shiliguri,IN,2021-05-28 01:37:21,26.7,88.4333,74.32,86,100,12.06
196,Banyo,CM,2021-05-28 01:37:22,6.75,11.8167,64.87,96,93,1.86
197,Sibolga,ID,2021-05-28 01:33:26,1.7427,98.7792,81.1,81,100,0.54
198,Vostok,RU,2021-05-28 01:31:24,46.4856,135.8833,59.43,45,98,2.3
199,Umm Lajj,SA,2021-05-28 01:37:23,25.0213,37.2685,82.98,76,55,3.44
200,Pacific Grove,US,2021-05-28 01:30:28,36.6177,-121.9166,76.55,82,75,4.0
201,Roth,DE,2021-05-28 01:37:23,49.245,11.0911,50.47,98,90,2.57
202,Banka,IN,2021-05-28 01:37:23,24.8833,86.9167,81.81,79,100,15.97
203,Oranjemund,NA,2021-05-28 01:37:24,-28.55,16.4333,54.7,85,6,3.94
204,Aklavik,CA,2021-05-28 01:31:54,68.2191,-135.0107,32.83,63,100,16.67
205,Ponta Do Sol,PT,2021-05-28 01:31:36,32.6667,-17.1,63.72,77,28,3.87
206,Murgab,TM,2021-05-28 01:37:24,37.4966,61.9714,75.07,46,0,15.37
207,Upata,VE,2021-05-28 01:37:25,8.0086,-62.3989,71.91,93,100,6.02
208,Narsaq,GL,2021-05-28 01:31:15,60.9167,-46.05,52.02,64,67,6.06
209,East London,ZA,2021-05-28 01:30:08,-33.0153,27.9116,61.21,76,41,6.89
210,Torbay,CA,2021-05-28 01:31:51,47.6666,-52.7314,54.75,96,90,18.41
211,Ulladulla,AU,2021-05-28 01:37:25,-35.35,150.4667,59.9,52,98,16.96
212,Coihaique,CL,2021-05-28 01:32:11,-45.5752,-72.0662,39.15,100,90,3.44
213,Sangueya,GN,2021-05-28 01:37:26,10.7,-14.3667,76.03,83,85,3.06
214,Kerman,IR,2021-05-28 01:37:26,30.2832,57.0788,55.26,38,0,4.16
215,Muisne,EC,2021-05-28 01:37:27,0.6,-80.0333,76.73,87,94,10.63
216,Rawson,AR,2021-05-28 01:32:35,-43.3002,-65.1023,54.97,46,100,14.0
217,Khash,IR,2021-05-28 01:37:27,28.2211,61.2158,75.45,20,0,3.22
218,Lerici,IT,2021-05-28 01:37:28,44.0759,9.9112,57.76,90,0,1.01
219,Puerto Escondido,MX,2021-05-28 01:30:37,15.85,-97.0667,85.03,65,75,5.75
220,Marquette,US,2021-05-28 01:37:28,46.5333,-87.6335,34.77,68,100,5.55
221,Ribeira Grande,PT,2021-05-28 01:27:31,38.5167,-28.7,59.65,64,100,8.12
222,Henties Bay,NA,2021-05-28 01:37:29,-22.116,14.2845,61.09,83,5,6.73
223,Chum Phae,TH,2021-05-28 01:37:29,16.5443,102.0992,85.66,67,94,0.6
224,Bakaly,RU,2021-05-28 01:37:29,55.1789,53.8028,53.69,74,0,2.13
225,Iwaki,JP,2021-05-28 01:37:30,37.05,140.8833,75.78,63,100,5.99
226,Ahipara,NZ,2021-05-28 01:28:34,-35.1667,173.1667,62.22,74,5,13.33
227,San Gabriel,US,2021-05-28 01:37:30,34.0961,-118.1058,84.11,59,1,1.99
228,Mudon,MM,2021-05-28 01:37:30,16.2578,97.7164,82.6,77,92,2.93
229,Port Macquarie,AU,2021-05-28 01:37:31,-31.4333,152.9167,63.9,51,0,15.43
230,Yashkul,RU,2021-05-28 01:37:31,46.1711,45.3435,64.8,80,83,1.83
231,Boguchany,RU,2021-05-28 01:37:31,58.3814,97.4531,49.5,56,100,9.98
232,Codrington,AU,2021-05-28 01:37:32,-38.2667,141.9667,55.29,54,98,10.11
233,Salta,AR,2021-05-28 01:35:12,-24.7859,-65.4117,53.89,88,43,1.01
234,Dickinson,US,2021-05-28 01:37:32,29.4608,-95.0513,82.62,81,75,1.99
235,Quang Ngai,VN,2021-05-28 01:37:33,15.1167,108.8,92.68,54,89,3.11
236,Lafia,NG,2021-05-28 01:37:33,8.4833,8.5167,77.41,85,60,4.0
237,Sault Sainte Marie,CA,2021-05-28 01:35:44,46.5168,-84.3333,41.29,64,1,9.22
238,Egvekinot,RU,2021-05-28 01:37:34,66.3167,-179.1667,39.0,63,91,9.37
239,Nemuro,JP,2021-05-28 01:37:34,43.3236,145.575,50.43,98,100,12.95
240,Mandan,US,2021-05-28 01:37:34,46.8267,-100.8896,49.98,52,90,4.61
241,Dalvik,IS,2021-05-28 01:37:35,65.9702,-18.5286,42.73,50,1,8.7
242,Seymchan,RU,2021-05-28 01:37:35,62.8833,152.4333,54.86,38,100,17.72
243,Nome,US,2021-05-28 01:32:48,64.5011,-165.4064,61.11,33,1,12.66
244,Mehran,IR,2021-05-28 01:37:35,33.1222,46.1646,76.48,15,0,4.81
245,Santa Cruz,BO,2021-05-28 01:35:35,-17.8,-63.1667,74.66,83,75,12.57
246,Victoria Point,AU,2021-05-28 01:37:36,-27.5833,153.3,72.09,58,0,3.0
247,Soloneshnoye,RU,2021-05-28 01:37:36,51.6544,84.3197,49.87,85,69,5.77
248,Nairn,GB,2021-05-28 01:37:36,57.5809,-3.8797,48.74,94,75,2.71
249,La Ronge,CA,2021-05-28 01:33:30,55.1001,-105.2842,64.62,27,20,13.8
250,San Patricio,US,2021-05-28 01:28:19,28.017,-97.5169,82.81,85,28,16.08
251,Embonas,GR,2021-05-28 01:37:37,36.2269,27.8564,63.84,82,2,7.99
252,Oussouye,SN,2021-05-28 01:37:37,12.485,-16.5469,74.79,74,20,3.15
253,Rio Pardo De Minas,BR,2021-05-28 01:37:38,-15.6097,-42.5397,67.23,70,16,4.43
254,Hasaki,JP,2021-05-28 01:28:17,35.7333,140.8333,77.4,68,100,2.17
255,Belaya Gora,RU,2021-05-28 01:37:38,68.5333,146.4167,63.1,30,100,13.89
256,Tuatapere,NZ,2021-05-28 01:32:09,-46.1333,167.6833,49.82,87,100,3.13
257,Mackay,AU,2021-05-28 01:34:47,-21.15,149.2,73.69,35,0,9.22
258,Kongolo,CD,2021-05-28 01:37:39,-5.3833,27.0,70.02,68,71,2.95
259,Maragogi,BR,2021-05-28 01:37:39,-9.0122,-35.2225,76.6,84,74,11.74
260,Husavik,IS,2021-05-28 01:31:00,66.0449,-17.3389,42.71,60,8,15.23
261,Nenjiang,CN,2021-05-28 01:37:40,49.1833,125.2167,61.23,49,70,7.87
262,Pochutla,MX,2021-05-28 01:33:21,15.7432,-96.4661,86.83,68,88,4.36
263,Banda Aceh,ID,2021-05-28 01:37:40,5.5577,95.3222,85.35,65,77,13.15
264,North Bend,US,2021-05-28 01:33:31,43.4065,-124.2243,61.99,68,75,9.22
265,Jinsha,CN,2021-05-28 01:37:41,32.0898,121.0735,82.02,58,100,18.9
266,Bathsheba,BB,2021-05-28 01:30:10,13.2167,-59.5167,81.21,61,20,16.31
267,Paka,MY,2021-05-28 01:37:41,4.6374,103.4368,82.33,83,20,4.12
268,Gay,RU,2021-05-28 01:37:41,51.4666,58.4552,50.52,55,7,8.5
269,Kungurtug,RU,2021-05-28 01:33:29,50.5994,97.5228,64.89,47,7,1.1
270,Clonakilty,IE,2021-05-28 01:37:42,51.6231,-8.8706,51.1,93,100,9.35
271,Kavieng,PG,2021-05-28 01:31:27,-2.5744,150.7967,80.6,84,99,7.49
272,Revelstoke,CA,2021-05-28 01:34:23,50.9832,-118.2023,53.62,76,75,3.44
273,Arraial Do Cabo,BR,2021-05-28 01:30:35,-22.9661,-42.0278,72.21,87,1,6.76
274,Moyale,KE,2021-05-28 01:37:43,3.5167,39.0584,62.62,92,68,5.73
275,Angoche,MZ,2021-05-28 01:37:43,-16.2325,39.9086,71.13,79,57,5.93
276,Kidal,ML,2021-05-28 01:31:07,18.4411,1.4078,90.72,5,100,9.71
277,Kauhajoki,FI,2021-05-28 01:37:43,62.4333,22.1833,41.67,97,11,1.5
278,Armizonskoye,RU,2021-05-28 01:37:44,55.9461,67.6736,49.41,62,7,2.13
279,Port Blair,IN,2021-05-28 01:33:50,11.6667,92.75,80.64,89,40,0.0
280,Lagoa,PT,2021-05-28 01:32:31,39.05,-27.9833,58.44,59,82,5.12
281,Morondava,MG,2021-05-28 01:37:44,-20.2833,44.2833,66.51,85,1,6.67
282,Nagaur,IN,2021-05-28 01:37:45,27.2,73.7333,91.81,36,5,15.79
283,Ugoofaaru,MV,2021-05-28 01:37:45,5.6667,73.0,82.22,77,43,19.75
284,Kiunga,PG,2021-05-28 01:37:46,-6.1219,141.2906,84.96,61,100,4.27
285,Hithadhoo,MV,2021-05-28 01:30:17,-0.6,73.0833,81.72,79,100,19.08
286,Natal,BR,2021-05-28 01:35:37,-5.795,-35.2094,77.22,83,40,8.25
287,Rassvet,RU,2021-05-28 01:37:46,46.8333,40.75,66.4,80,96,2.24
288,Itoman,JP,2021-05-28 01:37:46,26.1247,127.6694,84.58,92,75,14.97
289,Lagunas,PE,2021-05-28 01:37:47,-5.2269,-75.6753,74.73,87,9,1.95
290,Bilma,NE,2021-05-28 01:29:07,18.6853,12.9164,84.63,7,1,5.17
291,Kathu,TH,2021-05-28 01:32:23,7.9178,98.3332,82.62,88,100,9.82
292,Nzerekore,GN,2021-05-28 01:37:48,7.7562,-8.8179,70.3,99,48,1.81
293,Salalah,OM,2021-05-28 01:29:20,17.0151,54.0924,82.49,83,40,6.91
294,Vrangel,RU,2021-05-28 01:37:48,42.7297,133.0839,52.07,88,100,4.43
295,Lewistown,US,2021-05-28 01:37:48,40.5992,-77.5714,67.89,1,1,8.05
296,Dorchester,US,2021-05-28 01:37:49,33.1002,-80.3831,81.18,74,20,6.24
297,Kuryk,KZ,2021-05-28 01:37:49,43.2,51.65,64.02,77,0,1.07
298,Sitka,US,2021-05-28 01:27:59,57.0531,-135.33,48.09,76,90,8.05
299,Beloha,MG,2021-05-28 01:31:57,-25.1667,45.05,61.65,96,4,5.14
300,Buraydah,SA,2021-05-28 01:30:28,26.326,43.975,91.85,18,90,5.23
301,Mounana,GA,2021-05-28 01:37:50,-1.4085,13.1586,70.59,90,99,1.97
302,Calabozo,VE,2021-05-28 01:37:50,8.9242,-67.4293,75.18,91,85,2.24
303,Moose Factory,CA,2021-05-28 01:31:19,51.2585,-80.6094,37.4,65,90,4.61
304,Gornopravdinsk,RU,2021-05-28 01:37:51,60.05,69.9,43.93,57,99,4.45
305,Pangkalanbuun,ID,2021-05-28 01:33:55,-2.6833,111.6167,86.07,70,20,3.22
306,Lompoc,US,2021-05-28 01:28:47,34.6391,-120.4579,70.57,77,90,16.11
307,Owensboro,US,2021-05-28 01:30:39,37.7742,-87.1133,77.05,89,100,6.02
308,Telford,GB,2021-05-28 01:37:48,52.6766,-2.4493,52.48,73,90,1.63
309,Zeya,RU,2021-05-28 01:30:25,53.75,127.2667,56.97,53,100,5.06
310,Umea,SE,2021-05-28 01:35:06,63.8284,20.2597,38.91,100,80,2.3
311,Jequie,BR,2021-05-28 01:37:52,-13.8575,-40.0836,63.41,90,9,2.17
312,Hambantota,LK,2021-05-28 01:31:11,6.1241,81.1185,79.14,100,20,20.98
313,Nouadhibou,MR,2021-05-28 01:33:42,20.931,-17.0347,64.38,82,0,17.27
314,Pelym,RU,2021-05-28 01:37:52,61.0108,61.9978,46.85,48,33,2.26
315,Dwarka,IN,2021-05-28 01:33:11,22.2394,68.9678,83.77,77,43,16.69
316,Paramonga,PE,2021-05-28 01:37:53,-10.6667,-77.8333,66.13,92,70,6.13
317,Mitsamiouli,KM,2021-05-28 01:31:29,-11.3847,43.2844,75.69,60,2,4.14
318,Halifax,CA,2021-05-28 01:35:47,44.6453,-63.5724,62.65,67,20,12.66
319,Namibe,AO,2021-05-28 01:31:53,-15.1961,12.1522,73.71,59,3,1.99
320,Dzilam Gonzalez,MX,2021-05-28 01:37:54,21.2833,-88.9333,77.67,78,100,8.21
321,Tura,IN,2021-05-28 01:32:19,25.5198,90.2201,79.21,84,36,5.41
322,Mercedes,AR,2021-05-28 01:37:54,-34.6515,-59.4307,61.86,92,20,8.52
323,Panjab,AF,2021-05-28 01:37:54,34.388,67.0233,53.53,50,4,2.77
324,Dutlwe,BW,2021-05-28 01:37:55,-23.9833,23.9,53.6,39,0,6.13
325,Lexington,US,2021-05-28 01:36:07,37.9887,-84.4777,77.0,51,1,6.2
326,Toktogul,KG,2021-05-28 01:37:55,41.8708,72.9402,65.59,63,4,0.83
327,Aberystwyth,GB,2021-05-28 01:37:56,52.4155,-4.0829,54.3,88,100,3.49
328,Seddon,AU,2021-05-28 01:37:56,-37.8068,144.8916,57.2,60,90,5.01
329,Scarborough,GB,2021-05-28 01:37:56,54.2797,-0.4044,51.91,89,86,1.01
330,Fare,PF,2021-05-28 01:31:42,-16.7,-151.0167,80.22,73,24,8.48
331,Ramjibanpur,IN,2021-05-28 01:37:58,22.8333,87.6167,88.21,63,80,16.26
332,Shelburne,CA,2021-05-28 01:34:17,44.0787,-80.2041,48.13,60,100,5.32
333,Las Choapas,MX,2021-05-28 01:37:59,17.9333,-94.0833,80.73,76,58,8.97
334,Cabo San Lucas,MX,2021-05-28 01:27:42,22.8909,-109.9124,90.81,25,20,6.91
335,Rosarito,MX,2021-05-28 01:38:00,32.3333,-117.0333,73.08,71,3,9.15
336,Port Shepstone,ZA,2021-05-28 01:38:00,-30.7414,30.455,70.7,46,26,11.3
337,Urumqi,CN,2021-05-28 01:38:00,43.801,87.6005,81.55,20,0,8.25
338,Mudkhed,IN,2021-05-28 01:38:01,19.1667,77.5167,85.66,55,92,15.61
339,Grindavik,IS,2021-05-28 01:30:36,63.8424,-22.4338,46.87,61,75,35.88
340,Honiara,SB,2021-05-28 01:38:01,-9.4333,159.95,78.4,86,100,1.48
341,Pucallpa,PE,2021-05-28 01:38:02,-8.3791,-74.5539,74.97,82,20,1.63
342,Hudson Bay,CA,2021-05-28 01:38:02,52.85,-102.3842,52.57,57,15,10.54
343,Saint-Louis,SN,2021-05-28 01:30:42,16.3333,-15.0,78.37,36,6,11.52
344,Rayadrug,IN,2021-05-28 01:38:03,14.7,76.8667,76.78,74,4,18.7
345,Katsuura,JP,2021-05-28 01:31:09,35.1333,140.3,73.51,73,100,11.23
346,Boda,CF,2021-05-28 01:38:03,4.3189,17.4695,70.57,95,86,1.92
347,Caucaia,BR,2021-05-28 01:38:04,-3.7361,-38.6531,82.35,72,75,9.95
348,Tromso,NO,2021-05-28 01:33:33,69.6496,18.957,39.85,75,75,1.99
349,Stykkisholmur,IS,2021-05-28 01:38:04,65.0757,-22.7297,46.58,67,67,8.46
350,Villarrica,PY,2021-05-28 01:38:04,-25.75,-56.4333,68.63,70,100,3.98
351,Awbari,LY,2021-05-28 01:33:18,26.5921,12.7805,83.71,14,27,10.38
352,Pouebo,NC,2021-05-28 01:38:05,-20.4,164.5667,76.62,53,46,3.56
353,Vardo,NO,2021-05-28 01:29:11,70.3705,31.1107,37.09,77,98,22.84
354,Turukhansk,RU,2021-05-28 01:31:36,65.8167,87.9833,44.28,73,100,12.82
355,Grand Island,US,2021-05-28 01:29:59,40.925,-98.342,57.49,65,75,4.0
356,Yakeshi,CN,2021-05-28 01:38:06,49.2833,120.7333,52.12,66,100,11.07
357,Redmond,US,2021-05-28 01:34:24,47.674,-122.1215,58.91,78,100,5.99
358,Pisco,PE,2021-05-28 01:31:19,-13.7,-76.2167,66.25,82,90,8.05
359,Itambe,BR,2021-05-28 01:38:06,-15.245,-40.6244,64.83,74,2,1.32
360,Moron,AR,2021-05-28 01:29:42,-34.6534,-58.6198,64.29,73,11,3.0
361,Poya,NC,2021-05-28 01:33:24,-21.35,165.15,75.85,59,84,7.05
362,Kushima,JP,2021-05-28 01:31:10,31.4583,131.2333,69.84,54,100,3.94
363,Roald,NO,2021-05-28 01:38:07,62.5833,6.1333,48.34,93,90,9.22
364,Kahului,US,2021-05-28 01:27:30,20.8947,-156.47,87.82,63,40,21.85
365,Shiyan,CN,2021-05-28 01:38:08,32.6475,110.7781,82.33,46,100,3.33
366,Port Augusta,AU,2021-05-28 01:38:08,-32.5,137.7667,59.7,51,100,6.08
367,Miyako,JP,2021-05-28 01:38:08,39.6367,141.9525,64.44,71,79,2.51
368,Yulara,AU,2021-05-28 01:33:06,-25.2406,130.9889,53.44,47,100,16.11
369,Nizhniy Tsasuchey,RU,2021-05-28 01:38:09,50.5167,115.1333,58.41,38,8,10.51
370,Barreiras,BR,2021-05-28 01:36:21,-12.1528,-44.99,70.47,59,19,2.64
371,Kupang,ID,2021-05-28 01:32:46,-10.1667,123.5833,84.78,58,20,16.11
372,Kenai,US,2021-05-28 01:38:09,60.5544,-151.2583,62.02,66,1,27.63
373,Le Port,RE,2021-05-28 01:38:10,-20.9373,55.2919,71.6,75,1,3.8
374,Gualeguay,AR,2021-05-28 01:38:10,-33.1416,-59.3097,55.51,92,54,8.28
375,Sisimiut,GL,2021-05-28 01:38:10,66.9395,-53.6735,34.72,90,79,1.95
376,Sistranda,NO,2021-05-28 01:38:11,63.7256,8.834,43.9,75,12,12.5
377,Felipe Carrillo Puerto,MX,2021-05-28 01:38:11,19.5833,-88.05,76.42,86,19,4.05
378,Portland,US,2021-05-28 01:29:34,45.5234,-122.6762,62.58,57,75,1.01
379,Luena,AO,2021-05-28 01:38:11,-11.7833,19.9167,49.21,48,0,4.03
380,Lamu,KE,2021-05-28 01:38:12,-2.2717,40.902,73.62,84,56,14.58
381,Walvis Bay,NA,2021-05-28 01:31:49,-22.9575,14.5053,56.35,76,7,13.94
382,Tual,ID,2021-05-28 01:38:12,-5.6667,132.75,81.84,76,17,19.6
383,Vestmannaeyjar,IS,2021-05-28 01:33:34,63.4427,-20.2734,45.5,87,100,42.93
384,Khandyga,RU,2021-05-28 01:32:49,62.6667,135.6,66.07,26,92,4.56
385,Valparaiso,CL,2021-05-28 01:32:14,-33.0393,-71.6273,56.32,87,100,6.29
386,Tawang,IN,2021-05-28 01:38:13,27.5833,91.8667,54.39,98,100,2.42
387,Saint-Joseph,RE,2021-05-28 01:32:26,-21.3667,55.6167,70.18,77,15,2.01
388,Saint Helens,GB,2021-05-28 01:38:14,53.45,-2.7333,55.29,82,99,2.8
389,Antalaha,MG,2021-05-28 01:38:14,-14.9003,50.2788,68.97,85,15,6.06
390,Hay River,CA,2021-05-28 01:31:22,60.8156,-115.7999,57.18,41,75,8.05
391,Berlevag,NO,2021-05-28 01:32:14,70.8578,29.0864,35.96,81,100,23.71
392,Akom,CM,2021-05-28 01:38:14,2.6678,12.7109,67.86,98,100,1.43
393,Alcaniz,ES,2021-05-28 01:38:15,41.05,-0.1333,60.08,59,100,6.22
394,Nagar Karnul,IN,2021-05-28 01:38:15,16.4821,78.3247,82.78,59,98,15.01
395,Mitu,CO,2021-05-28 01:33:24,1.1983,-70.1733,71.29,98,46,2.15
396,Karlstad,SE,2021-05-28 01:38:16,59.3793,13.5036,37.96,93,40,7.11
397,Solnice,CZ,2021-05-28 01:38:16,50.2037,16.2376,48.87,92,97,2.53
398,Poso,ID,2021-05-28 01:38:16,-1.3959,120.7524,87.44,53,2,2.3
399,Bac Lieu,VN,2021-05-28 01:31:17,9.285,105.7244,84.69,71,66,6.29
400,Longhua,CN,2021-05-28 01:38:17,23.6137,114.1919,91.27,56,95,6.51
401,Asau,RO,2021-05-28 01:30:27,46.4333,26.4,58.39,100,71,3.76
402,Dunedin,NZ,2021-05-28 01:30:54,-45.8742,170.5036,48.79,79,100,8.01
403,Jega,NG,2021-05-28 01:38:17,12.2175,4.3792,87.57,43,61,7.58
404,Tymovskoye,RU,2021-05-28 01:38:18,50.8456,142.655,57.47,47,93,3.78
405,Nortelandia,BR,2021-05-28 01:38:18,-14.4547,-56.8028,73.99,61,83,3.51
406,Tignere,CM,2021-05-28 01:38:19,7.3667,12.65,65.84,91,77,2.64
407,Lata,PT,2021-05-28 01:38:19,40.1629,-8.3327,59.72,88,88,2.35
408,Ilhabela,BR,2021-05-28 01:38:19,-23.7781,-45.3581,67.95,86,7,5.5
409,Palmer,US,2021-05-28 01:38:20,42.1584,-72.3287,65.75,62,75,5.7
410,Bulaevo,KZ,2021-05-28 01:38:20,54.9056,70.4439,50.14,65,0,7.31
411,Mityana,UG,2021-05-28 01:38:20,0.4175,32.0228,60.37,95,60,1.28
412,Hajipur,IN,2021-05-28 01:38:21,25.6833,85.2167,71.58,100,90,23.8
413,Atasu,KZ,2021-05-28 01:38:21,48.6814,71.6433,59.56,48,1,18.79
414,Shangrao,CN,2021-05-28 01:37:03,28.4532,117.9686,71.35,93,100,2.1
415,Tateyama,JP,2021-05-28 01:33:29,34.9833,139.8667,73.42,73,100,10.22
416,Kaliganj,BD,2021-05-28 01:38:22,23.4095,89.1402,85.71,79,66,15.64
417,Yumen,CN,2021-05-28 01:30:30,40.2833,97.2,80.82,8,7,14.92
418,Santa Marinella,IT,2021-05-28 01:38:22,42.0345,11.8536,60.94,66,2,8.46
419,Inirida,CO,2021-05-28 01:32:25,3.8653,-67.9239,70.48,99,68,2.46
420,Kieta,PG,2021-05-28 01:31:33,-6.2167,155.6333,77.27,95,100,1.99
421,Mount Isa,AU,2021-05-28 01:31:12,-20.7333,139.5,69.57,23,5,13.8
422,Nyurba,RU,2021-05-28 01:31:39,63.2842,118.3319,60.57,55,100,6.31
423,Ngunguru,NZ,2021-05-28 01:38:23,-35.6167,174.5,67.15,59,4,11.36
424,Altay,CN,2021-05-28 01:38:23,47.8667,88.1167,75.51,30,10,8.68
425,Vila Franca Do Campo,PT,2021-05-28 01:30:14,37.7167,-25.4333,57.61,75,83,5.64
426,Puerto Suarez,BO,2021-05-28 01:30:27,-18.95,-57.8,77.05,57,50,3.38
427,Aksu,CN,2021-05-28 01:38:24,41.1231,80.2644,78.87,14,40,3.94
428,Colares,PT,2021-05-28 01:38:24,38.7992,-9.4469,62.89,51,33,10.0
429,Dosso,NE,2021-05-28 01:38:25,13.049,3.1937,88.79,38,100,8.77
430,Udachnyy,RU,2021-05-28 01:32:08,66.4167,112.4,54.18,56,89,12.41
431,Tigre,AR,2021-05-28 01:38:25,-34.426,-58.5796,64.54,73,0,6.91
432,Entre Rios,BR,2021-05-28 01:38:26,-11.9419,-38.0844,64.35,88,64,2.19
433,La Cruz,MX,2021-05-28 01:38:26,23.9167,-106.9,83.46,71,56,5.99
434,Nabire,ID,2021-05-28 01:29:58,-3.3667,135.4833,83.57,79,98,2.93
435,Geraldton,AU,2021-05-28 01:29:59,-28.7667,114.6,64.81,72,90,6.93
436,Barguzin,RU,2021-05-28 01:38:26,53.6167,109.6167,52.12,37,0,6.58
437,Talnakh,RU,2021-05-28 01:30:36,69.4865,88.3972,25.84,72,100,1.52
438,Vao,NC,2021-05-28 01:31:17,-22.6667,167.4833,71.58,69,92,12.75
439,Omboue,GA,2021-05-28 01:38:27,-1.5746,9.2618,74.97,92,100,4.81
440,Forecariah,GN,2021-05-28 01:38:27,9.4306,-13.0881,79.03,85,56,3.29
441,Tahe,CN,2021-05-28 01:38:28,52.3333,124.7333,56.17,50,98,4.14
442,Cabo Rojo,PR,2021-05-28 01:37:56,18.0866,-67.1457,77.72,92,26,1.01
443,Shirokiy,RU,2021-05-28 01:38:28,49.758,129.523,56.07,72,95,9.66
444,Metro,ID,2021-05-28 01:38:28,-5.1131,105.3067,83.48,75,100,2.28
445,Alindao,CF,2021-05-28 01:38:29,5.0267,21.2088,69.24,98,100,2.17
446,The Valley,AI,2021-05-28 01:34:40,18.217,-63.0578,80.46,77,2,12.88
447,Carutapera,BR,2021-05-28 01:38:29,-1.195,-46.02,75.81,93,63,4.21
448,Koutiala,ML,2021-05-28 01:38:30,12.3917,-5.4642,87.49,42,48,7.85
449,Prince Rupert,CA,2021-05-28 01:38:30,54.3161,-130.3201,55.09,81,40,11.5
450,Emerald,AU,2021-05-28 01:38:30,-23.5333,148.1667,68.34,32,53,16.11
451,Makat,KZ,2021-05-28 01:38:31,47.6469,53.3463,77.45,42,100,4.97
452,Matagami,CA,2021-05-28 01:38:31,49.7502,-77.6328,33.91,60,90,5.17
453,Mazara Del Vallo,IT,2021-05-28 01:38:31,37.6641,12.588,66.54,63,99,5.88
454,Mahajanga,MG,2021-05-28 01:38:32,-15.7167,46.3167,68.02,88,20,3.44
455,Sembe,CG,2021-05-28 01:38:32,1.6481,14.5806,71.17,96,100,1.41
456,Klyuchi,RU,2021-05-28 01:38:32,52.2667,79.1667,52.95,49,0,11.01
457,Cankuzo,BI,2021-05-28 01:38:33,-3.1333,30.5833,57.51,91,86,3.49
458,Alihe,CN,2021-05-28 01:38:33,50.5667,123.7167,55.13,67,94,2.51
459,Delta,NG,2021-05-28 01:38:33,5.5,6.0,74.73,98,21,2.98
460,Mao,ES,2021-05-28 01:38:33,39.8885,4.2658,61.36,88,0,3.44
461,Lavrentiya,RU,2021-05-28 01:28:22,65.5833,-171.0,34.9,88,6,9.42
462,Buford,US,2021-05-28 01:38:34,34.1207,-84.0043,78.3,69,40,1.01
463,Kanker,IN,2021-05-28 01:38:34,20.2719,81.4931,88.61,30,100,6.73
464,Katobu,ID,2021-05-28 01:38:35,-4.9408,122.5276,83.62,65,38,9.86
465,Maceio,BR,2021-05-28 01:38:35,-9.6658,-35.7353,78.24,83,75,9.64
466,Mana,GF,2021-05-28 01:38:35,5.6592,-53.7767,75.97,94,100,9.66
467,Pokosnoye,RU,2021-05-28 01:38:36,55.5258,101.0536,51.84,37,100,11.1
468,Padang,ID,2021-05-28 01:32:09,-0.9492,100.3543,80.65,74,100,1.83
469,Mareeba,AU,2021-05-28 01:38:36,-17.0,145.4333,76.48,68,8,9.93
470,Wuwei,CN,2021-05-28 01:28:24,37.9281,102.6414,68.41,24,24,3.02
471,Malibu,US,2021-05-28 01:35:26,34.005,-118.8101,79.09,83,11,4.0
472,Quelimane,MZ,2021-05-28 01:38:37,-17.8786,36.8883,62.51,93,0,2.95
473,Sampit,ID,2021-05-28 01:38:37,-2.5333,112.95,88.52,61,2,3.0
474,Ampanihy,MG,2021-05-28 01:38:37,-24.7,44.75,60.35,92,0,4.79
475,Aketi,CD,2021-05-28 01:38:38,2.7388,23.7833,67.55,99,93,1.52
476,Graaff-Reinet,ZA,2021-05-28 01:38:38,-32.2522,24.5308,51.93,51,82,4.38
477,Mariestad,SE,2021-05-28 01:38:39,58.7097,13.8237,46.89,88,99,5.82
478,San Carlos De Bariloche,AR,2021-05-28 01:38:39,-41.1456,-71.3082,44.44,75,90,26.49
479,Lebork,PL,2021-05-28 01:37:23,54.5392,17.7501,49.55,96,58,2.8
480,Daoukro,CI,2021-05-28 01:38:39,7.0591,-3.9631,73.02,99,96,2.8
481,Reyes,BO,2021-05-28 01:38:40,-14.3167,-67.3833,71.11,85,100,2.01
482,Fukue,JP,2021-05-28 01:38:40,32.6881,128.8419,71.96,88,75,13.8
483,Ryotsu,JP,2021-05-28 01:38:40,38.0833,138.4333,67.96,68,6,10.65
484,Sabla,NG,2021-05-28 01:38:41,12.7525,4.7077,86.29,41,76,7.67
485,Rognan,NO,2021-05-28 01:36:23,67.0953,15.3878,44.76,86,93,4.36
486,Wamba,NG,2021-05-28 01:38:41,8.9333,8.6,74.79,86,73,1.97
487,Ipojuca,BR,2021-05-28 01:38:41,-8.3989,-35.0639,73.31,89,100,6.96
488,Shasta Lake,US,2021-05-28 01:38:42,40.6804,-122.3708,86.72,31,77,1.01
489,Baneh,IR,2021-05-28 01:38:42,35.9975,45.8853,60.26,26,0,4.94
490,Dustlik,UZ,2021-05-28 01:33:09,40.5247,68.0358,81.3,31,7,8.88
491,Gboko,NG,2021-05-28 01:38:43,7.3179,8.9951,77.14,81,11,9.71
492,Alma,CA,2021-05-28 01:38:43,48.5501,-71.6491,41.83,51,11,13.69
493,Smithers,CA,2021-05-28 01:34:04,54.7804,-127.1743,50.32,81,90,10.36
494,Campo Verde,BR,2021-05-28 01:35:36,-20.4167,-54.0667,78.01,65,93,4.36
495,Pombia,IT,2021-05-28 01:31:02,45.653,8.6336,60.24,74,0,10.36
496,Garowe,SO,2021-05-28 01:38:44,8.4054,48.4845,74.89,70,100,17.25
497,Vieste,IT,2021-05-28 01:38:44,41.8825,16.175,57.7,68,8,8.61
498,Kuri,KR,2021-05-28 01:38:44,37.5986,127.1394,57.06,88,90,5.68
499,Pyshma,RU,2021-05-28 01:38:45,56.9523,63.2513,51.71,65,19,5.77
500,Trairi,BR,2021-05-28 01:35:52,-3.2778,-39.2689,77.18,85,54,8.5
501,Grand Gaube,MU,2021-05-28 01:31:28,-20.0064,57.6608,74.37,76,9,5.01
502,Moa,CU,2021-05-28 01:38:45,20.6569,-74.9403,77.07,86,27,9.78
503,Acarau,BR,2021-05-28 01:33:39,-2.8856,-40.12,78.22,82,18,12.26
504,Harlingen,US,2021-05-28 01:38:03,26.1906,-97.6961,83.32,74,1,19.57
505,Kurilsk,RU,2021-05-28 01:38:46,45.2333,147.8833,47.75,72,96,8.63
506,Tecpan,GT,2021-05-28 01:38:46,14.7623,-90.9947,56.37,93,63,3.83
507,Haines Junction,CA,2021-05-28 01:32:03,60.7522,-137.5108,53.55,40,100,14.97
508,Okakarara,NA,2021-05-28 01:33:43,-20.5833,17.4333,50.25,53,0,3.56
509,Iwanai,JP,2021-05-28 01:38:47,42.9744,140.5089,56.61,88,100,3.67
510,Gizo,SB,2021-05-28 01:38:47,-8.103,156.8419,77.76,93,100,10.92
511,Hobyo,SO,2021-05-28 01:31:20,5.3505,48.5268,77.97,82,94,16.35
512,Santa,PH,2021-05-28 01:38:48,17.486,120.4348,89.8,60,52,6.46
513,Klaksvik,FO,2021-05-28 01:30:32,62.2266,-6.589,45.52,85,91,13.49
514,Gaoua,BF,2021-05-28 01:38:48,10.2992,-3.2508,82.27,56,77,7.07
515,Sola,VU,2021-05-28 01:32:33,-13.8833,167.55,77.41,61,93,9.48
516,Basoko,CD,2021-05-28 01:32:19,1.2391,23.616,71.89,91,98,2.57
517,Karasburg,NA,2021-05-28 01:38:49,-28.0167,18.75,54.52,52,0,6.31
518,Wukari,NG,2021-05-28 01:38:49,7.85,9.7833,77.7,78,6,5.77
519,Karratha,AU,2021-05-28 01:38:49,-20.7377,116.8463,81.52,39,55,17.81
520,Pitea,SE,2021-05-28 01:38:50,65.3172,21.4794,42.89,80,100,7.58
521,Auki,SB,2021-05-28 01:36:59,-8.7676,160.7034,78.12,83,100,2.48
522,Ciudad Bolivar,VE,2021-05-28 01:38:50,8.1222,-63.5497,77.94,81,95,12.71
523,Flinders,AU,2021-05-28 01:32:02,-34.5833,150.8552,62.19,45,37,5.99
524,Olean,US,2021-05-28 01:38:51,42.0776,-78.4297,56.08,66,1,4.56
525,Arkhipo-Osipovka,RU,2021-05-28 01:38:51,44.37,38.52,59.29,86,9,5.21
526,Lincoln,US,2021-05-28 01:38:51,40.8,-96.667,60.75,78,90,1.99
527,Dongkan,CN,2021-05-28 01:38:52,33.9997,119.8308,82.0,21,0,17.16
528,Koulikoro,ML,2021-05-28 01:38:52,14.0,-7.75,89.58,27,98,4.81
529,Muhos,FI,2021-05-28 01:38:53,64.808,25.9931,38.98,93,98,3.2
530,Imeni Stepana Razina,RU,2021-05-28 01:38:53,54.8932,44.2963,58.86,78,83,6.24
531,Zyryanka,RU,2021-05-28 01:38:53,65.75,150.85,62.28,25,9,18.43
532,Los Llanos De Aridane,ES,2021-05-28 01:30:33,28.6585,-17.9182,64.15,76,90,10.31
533,Silver City,US,2021-05-28 01:38:54,32.7701,-108.2803,80.56,10,1,10.31
534,Santa Vitoria Do Palmar,BR,2021-05-28 01:38:54,-33.5189,-53.3681,55.78,89,0,7.38
535,Kokoda,PG,2021-05-28 01:38:54,-8.8785,147.7407,85.8,64,78,4.09
536,Santo Domingo,DO,2021-05-28 01:34:20,18.5001,-69.9886,79.03,83,96,3.0
537,Sorong,ID,2021-05-28 01:38:55,-0.8833,131.25,83.64,74,14,5.46
538,Kralendijk,BQ,2021-05-28 01:35:25,12.15,-68.2667,82.38,78,20,17.27
539,Kielce,PL,2021-05-28 01:38:55,50.8703,20.6275,45.81,88,76,5.12
540,Almenara,BR,2021-05-28 01:38:56,-16.1836,-40.6944,68.72,70,3,2.53
541,Chernyshevskiy,RU,2021-05-28 01:38:56,63.0128,112.4714,56.48,61,70,6.82
542,Manadhoo,MV,2021-05-28 01:38:57,5.7667,73.3833,82.22,78,62,20.04
543,Chancay,PE,2021-05-28 01:38:57,-11.5714,-77.2672,67.32,91,64,5.41
544,San Juan De Los Morros,VE,2021-05-28 01:38:58,9.9115,-67.3538,73.78,89,81,1.16
545,Morgan City,US,2021-05-28 01:38:58,29.6994,-91.2068,78.01,88,20,5.91
546,Suba,PH,2021-05-28 01:38:59,10.8438,121.0102,85.28,69,32,6.64
547,Baghdad,IQ,2021-05-28 01:36:38,33.3406,44.4009,76.91,31,0,8.61
548,Sokoni,TZ,2021-05-28 01:38:59,-6.4333,39.55,76.86,71,47,14.63
549,Batticaloa,LK,2021-05-28 01:39:00,7.7102,81.6924,81.07,67,14,5.32
550,Jaisalmer,IN,2021-05-28 01:39:00,26.9147,70.9181,86.16,59,4,20.4
551,Gisborne,NZ,2021-05-28 01:39:01,-38.6533,178.0042,58.95,45,62,5.68
552,Pietarsaari,FI,2021-05-28 01:39:01,63.65,22.6833,40.89,88,100,7.45
553,Kismayo,SO,2021-05-28 01:32:24,-0.3582,42.5454,76.84,81,81,9.78
554,Adrar,MR,2021-05-28 01:31:38,20.5022,-10.0711,86.92,21,20,10.94
555,Porto Torres,IT,2021-05-28 01:39:02,40.835,8.3972,53.78,65,93,3.53
556,Sterling,US,2021-05-28 01:29:40,39.0062,-77.4286,75.45,68,75,5.75
557,Kawalu,ID,2021-05-28 01:39:02,-7.3817,108.2082,81.12,75,53,2.42
558,Tacuati,PY,2021-05-28 01:39:03,-23.45,-56.5833,73.85,70,100,3.47
559,Sargatskoye,RU,2021-05-28 01:39:03,55.6101,73.4972,50.45,61,91,5.88
