City_ID,City,Country,Date,Lat,Lng,Max Temp,Humidity,Cloudiness,Wind Speed,Current Description
0,San Pedro,PH,2021-05-28 01:48:52,14.35,121.0167,92.35,64,20,6.76,few clouds
1,Hilo,US,2021-05-28 01:43:59,19.7297,-155.09,82.13,71,20,11.5,few clouds
2,Kapaa,US,2021-05-28 01:48:52,22.0752,-159.319,84.18,70,20,1.99,few clouds
3,Rikitea,PF,2021-05-28 01:48:53,-23.1203,-134.9692,71.15,58,32,4.65,scattered clouds
4,Cabo San Lucas,MX,2021-05-28 01:48:03,22.8909,-109.9124,88.81,61,100,11.92,overcast clouds
5,Kulhudhuffushi,MV,2021-05-28 01:48:53,6.6221,73.07,82.56,77,58,20.09,broken clouds
6,Victoria,HK,2021-05-28 01:46:33,22.2855,114.1577,91.96,76,100,4.0,overcast clouds
7,Butaritari,KI,2021-05-28 01:48:54,3.0707,172.7902,83.91,78,64,16.2,light rain
8,Bredasdorp,ZA,2021-05-28 01:48:54,-34.5322,20.0403,60.12,63,100,9.37,overcast clouds
9,Camalu,MX,2021-05-28 01:48:54,30.85,-116.0667,63.43,70,0,11.43,clear sky
10,Shahr-E Babak,IR,2021-05-28 01:48:54,30.1165,55.1186,66.33,31,0,6.44,clear sky
11,Busselton,AU,2021-05-28 01:48:55,-33.65,115.3333,66.04,58,0,13.58,clear sky
12,Atuona,PF,2021-05-28 01:48:55,-9.8,-139.0333,78.8,74,56,13.91,broken clouds
13,Ushuaia,AR,2021-05-28 01:48:56,-54.8,-68.3,28.06,100,75,17.27,light snow
14,Fortuna,US,2021-05-28 01:48:56,40.5982,-124.1573,59.86,65,90,4.0,overcast clouds
15,Bluff,NZ,2021-05-28 01:48:56,-46.6,168.3333,49.8,84,100,4.65,light rain
16,Cape Town,ZA,2021-05-28 01:48:54,-33.9258,18.4232,58.87,91,90,3.0,heavy intensity rain
17,Mahebourg,MU,2021-05-28 01:48:57,-20.4081,57.7,74.25,88,75,1.14,broken clouds
18,Albany,US,2021-05-28 01:46:59,42.6001,-73.9662,59.18,59,99,5.3,overcast clouds
19,Provideniya,RU,2021-05-28 01:48:57,64.3833,-173.3,46.51,61,0,20.13,clear sky
20,Bagdarin,RU,2021-05-28 01:48:58,54.4333,113.6,51.37,59,90,3.56,overcast clouds
21,Kidero,RU,2021-05-28 01:48:58,42.1932,45.9614,43.38,92,53,1.3,broken clouds
22,Clyde River,CA,2021-05-28 01:48:58,70.4692,-68.5914,28.63,86,90,5.75,overcast clouds
23,Wattegama,LK,2021-05-28 01:48:59,6.7989,81.4808,77.92,65,18,4.94,few clouds
24,Richards Bay,ZA,2021-05-28 01:48:59,-28.783,32.0377,61.45,53,8,6.06,clear sky
25,Laguna,US,2021-05-28 01:49:00,38.421,-121.4238,89.31,42,1,5.99,clear sky
26,Barrow,US,2021-05-28 01:49:00,71.2906,-156.7887,33.82,69,90,14.97,overcast clouds
27,Kavieng,PG,2021-05-28 01:49:01,-2.5744,150.7967,80.6,84,99,7.49,moderate rain
28,Hasaki,JP,2021-05-28 01:49:01,35.7333,140.8333,79.2,66,100,2.64,overcast clouds
29,Jamestown,US,2021-05-28 01:49:02,42.097,-79.2353,56.52,66,1,4.61,clear sky
30,Saskylakh,RU,2021-05-28 01:49:02,71.9167,114.0833,34.97,66,93,5.14,overcast clouds
31,Tuktoyaktuk,CA,2021-05-28 01:49:03,69.4541,-133.0374,28.4,80,90,11.5,overcast clouds
32,Pevek,RU,2021-05-28 01:49:03,69.7008,170.3133,37.2,75,62,3.27,broken clouds
33,San Patricio,US,2021-05-28 01:49:03,28.017,-97.5169,82.49,88,35,14.27,scattered clouds
34,Leningradskiy,RU,2021-05-28 01:49:04,69.3833,178.4167,33.4,93,89,12.15,overcast clouds
35,Toba Tek Singh,PK,2021-05-28 01:44:16,30.9743,72.4827,96.98,11,1,7.7,clear sky
36,Punta Arenas,CL,2021-05-28 01:46:29,-53.15,-70.9167,32.02,86,0,14.67,clear sky
37,Egvekinot,RU,2021-05-28 01:49:04,66.3167,-179.1667,39.0,63,91,9.37,overcast clouds
38,Binzhou,CN,2021-05-28 01:49:05,37.3667,118.0167,76.75,24,0,16.37,clear sky
39,Airai,TL,2021-05-28 01:49:05,-8.9266,125.4092,65.8,73,72,4.34,broken clouds
40,Gamboula,CF,2021-05-28 01:49:05,4.1178,15.1393,68.74,98,96,0.47,overcast clouds
41,Mataura,NZ,2021-05-28 01:49:06,-46.1927,168.8643,49.48,92,100,3.76,overcast clouds
42,Yarmouth,US,2021-05-28 01:49:06,41.7057,-70.2286,66.97,57,20,4.0,few clouds
43,Port Lincoln,AU,2021-05-28 01:49:06,-34.7333,135.8667,61.59,58,100,9.64,overcast clouds
44,Wamba,NG,2021-05-28 01:49:07,8.9333,8.6,74.79,86,73,1.97,broken clouds
45,Constitucion,CL,2021-05-28 01:49:07,-35.3333,-72.4167,56.7,96,100,6.6,overcast clouds
46,Dakoro,NE,2021-05-28 01:49:07,14.5106,6.765,83.16,12,30,6.17,scattered clouds
47,Conde,BR,2021-05-28 01:49:08,-7.2597,-34.9075,74.66,94,75,6.64,broken clouds
48,Axim,GH,2021-05-28 01:49:08,4.8699,-2.2405,79.2,86,100,5.57,light rain
49,Carnarvon,AU,2021-05-28 01:49:08,-24.8667,113.6333,73.47,64,0,10.36,clear sky
50,Kruisfontein,ZA,2021-05-28 01:49:09,-34.0033,24.7314,51.89,65,8,7.56,clear sky
51,Tiksi,RU,2021-05-28 01:49:09,71.6872,128.8694,36.19,88,100,5.44,overcast clouds
52,East London,ZA,2021-05-28 01:49:09,-33.0153,27.9116,61.21,76,41,6.89,scattered clouds
53,Lorengau,PG,2021-05-28 01:49:10,-2.0226,147.2712,82.26,81,70,5.57,broken clouds
54,Puerto Ayora,EC,2021-05-28 01:49:10,-0.7393,-90.3518,75.54,93,96,7.0,overcast clouds
55,Mar Del Plata,AR,2021-05-28 01:49:07,-38.0023,-57.5575,64.0,48,0,10.0,clear sky
56,Dikson,RU,2021-05-28 01:49:11,73.5069,80.5464,24.22,97,85,7.07,overcast clouds
57,Arraial Do Cabo,BR,2021-05-28 01:49:11,-22.9661,-42.0278,72.21,87,1,6.76,clear sky
58,Campana,AR,2021-05-28 01:49:11,-34.1687,-58.9591,63.09,89,26,7.45,scattered clouds
59,Stornoway,GB,2021-05-28 01:49:12,58.2093,-6.3865,45.93,93,100,2.3,overcast clouds
60,Bistret,RO,2021-05-28 01:49:12,43.9,23.5,60.96,97,100,3.87,moderate rain
61,Torbay,CA,2021-05-28 01:45:23,47.6666,-52.7314,54.75,96,90,18.41,overcast clouds
62,Bengkulu,ID,2021-05-28 01:44:46,-3.8004,102.2655,81.93,76,77,1.52,broken clouds
63,Yumen,CN,2021-05-28 01:49:13,40.2833,97.2,80.82,8,7,14.92,clear sky
64,Preobrazheniye,RU,2021-05-28 01:49:13,42.9019,133.9064,53.55,82,100,4.34,overcast clouds
65,Hambantota,LK,2021-05-28 01:49:13,6.1241,81.1185,79.14,100,20,20.98,few clouds
66,Ahlen,DE,2021-05-28 01:49:14,51.7634,7.8887,49.91,92,92,5.28,overcast clouds
67,Nikolskoye,RU,2021-05-28 01:49:14,59.7035,30.7861,49.78,99,33,3.87,scattered clouds
68,Semey,KZ,2021-05-28 01:44:35,50.4111,80.2275,55.62,58,0,11.18,clear sky
69,Novobeysugskaya,RU,2021-05-28 01:49:15,45.472,39.8861,58.01,93,14,6.02,few clouds
70,Meulaboh,ID,2021-05-28 01:49:15,4.1363,96.1285,81.5,75,85,3.6,overcast clouds
71,Perth,AU,2021-05-28 01:48:47,-31.9333,115.8333,73.58,44,0,12.28,clear sky
72,Deputatskiy,RU,2021-05-28 01:49:15,69.3,139.9,59.68,35,0,10.07,clear sky
73,Marawi,PH,2021-05-28 01:49:16,7.9986,124.2928,80.65,60,19,1.72,few clouds
74,Fairbanks,US,2021-05-28 01:49:16,64.8378,-147.7164,56.39,44,90,14.97,overcast clouds
75,Solnechnyy,RU,2021-05-28 01:49:16,50.7214,136.6319,56.88,55,67,3.58,broken clouds
76,Sao Gabriel Da Cachoeira,BR,2021-05-28 01:49:17,-0.1303,-67.0892,72.27,99,29,2.3,scattered clouds
77,Kieta,PG,2021-05-28 01:49:17,-6.2167,155.6333,77.27,95,100,1.99,heavy intensity rain
78,Vikulovo,RU,2021-05-28 01:49:17,56.8167,70.6107,47.19,65,32,8.28,scattered clouds
79,Bako,ET,2021-05-28 01:46:50,5.7833,36.5667,63.3,76,69,4.16,broken clouds
80,Brightwater,NZ,2021-05-28 01:49:18,-41.3833,173.1167,51.85,96,100,0.25,overcast clouds
81,Tasiilaq,GL,2021-05-28 01:49:18,65.6145,-37.6368,41.16,89,17,5.79,few clouds
82,Biak,ID,2021-05-28 01:49:19,-0.9131,122.8766,83.14,68,13,6.46,few clouds
83,Cherskiy,RU,2021-05-28 01:49:19,68.75,161.3,60.22,27,100,20.36,overcast clouds
84,Havoysund,NO,2021-05-28 01:49:19,70.9963,24.6622,36.48,68,100,19.35,overcast clouds
85,Forestville,US,2021-05-28 01:49:20,38.8451,-76.875,74.68,73,20,3.44,few clouds
86,Alcudia,ES,2021-05-28 01:49:20,39.8532,3.1214,66.25,66,99,4.94,overcast clouds
87,Zalantun,CN,2021-05-28 01:49:20,48.0,122.7167,61.12,46,99,2.66,overcast clouds
88,Isangel,VU,2021-05-28 01:49:21,-19.55,169.2667,78.91,65,75,2.51,broken clouds
89,Avarua,CK,2021-05-28 01:49:21,-21.2078,-159.775,84.25,79,40,17.27,light rain
90,Hithadhoo,MV,2021-05-28 01:49:21,-0.6,73.0833,81.72,79,100,19.08,overcast clouds
91,Norman Wells,CA,2021-05-28 01:49:22,65.282,-126.8329,48.24,57,90,4.61,overcast clouds
92,Rawson,AR,2021-05-28 01:49:22,-43.3002,-65.1023,54.97,46,100,14.0,overcast clouds
93,Chernyshevskiy,RU,2021-05-28 01:49:22,63.0128,112.4714,56.48,61,70,6.82,broken clouds
94,Pemba,MZ,2021-05-28 01:49:23,-12.974,40.5178,69.69,85,43,10.42,light rain
95,Sale,MA,2021-05-28 01:49:23,34.0389,-6.8166,67.64,88,0,0.0,clear sky
96,Luderitz,NA,2021-05-28 01:49:23,-26.6481,15.1594,57.7,71,5,9.44,clear sky
97,Chokurdakh,RU,2021-05-28 01:49:24,70.6333,147.9167,44.55,54,100,12.35,overcast clouds
98,Kamenka,RU,2021-05-28 01:49:24,51.3223,42.7678,55.92,78,38,6.29,scattered clouds
99,Ayagoz,KZ,2021-05-28 01:49:24,47.9714,80.4392,59.38,54,99,20.33,overcast clouds
100,Hermanus,ZA,2021-05-28 01:49:25,-34.4187,19.2345,55.9,78,98,13.71,overcast clouds
101,Fare,PF,2021-05-28 01:49:25,-16.7,-151.0167,80.22,73,24,8.48,few clouds
102,Ratnagiri,IN,2021-05-28 01:49:25,16.9833,73.3,84.78,75,98,5.39,overcast clouds
103,Half Moon Bay,US,2021-05-28 01:49:26,37.4636,-122.4286,75.88,80,40,9.69,scattered clouds
104,Formosa Do Rio Preto,BR,2021-05-28 01:49:26,-11.0483,-45.1931,68.61,51,47,2.33,scattered clouds
105,Kailahun,SL,2021-05-28 01:49:26,8.2833,-10.5667,72.52,99,63,2.68,broken clouds
106,Hobart,AU,2021-05-28 01:49:27,-42.8794,147.3294,50.11,58,75,1.01,broken clouds
107,Sinnamary,GF,2021-05-28 01:49:27,5.3833,-52.95,75.81,93,100,9.44,overcast clouds
108,Zavetnoye,RU,2021-05-28 01:49:28,47.1194,43.8903,63.23,64,99,7.94,overcast clouds
109,Upernavik,GL,2021-05-28 01:49:28,72.7868,-56.1549,37.38,79,100,6.98,overcast clouds
110,Pahrump,US,2021-05-28 01:49:28,36.2083,-115.9839,92.05,7,3,4.0,clear sky
111,Palmer,US,2021-05-28 01:49:29,42.1584,-72.3287,65.75,63,75,5.7,broken clouds
112,Kodiak,US,2021-05-28 01:49:29,57.79,-152.4072,58.51,58,1,10.36,clear sky
113,Sistranda,NO,2021-05-28 01:49:29,63.7256,8.834,43.9,75,12,12.5,few clouds
114,Aksarayskiy,RU,2021-05-28 01:49:30,46.7924,48.0119,64.35,74,100,5.44,overcast clouds
115,Margate,GB,2021-05-28 01:45:04,51.3813,1.3862,51.31,80,100,1.99,overcast clouds
116,Fort Nelson,CA,2021-05-28 01:49:30,58.8053,-122.7002,63.99,25,75,8.05,broken clouds
117,Naze,JP,2021-05-28 01:49:31,28.3667,129.4833,72.52,95,100,1.43,light rain
118,Ponta Do Sol,PT,2021-05-28 01:49:31,32.6667,-17.1,63.72,76,28,3.87,scattered clouds
119,Broome,US,2021-05-28 01:49:31,42.2506,-75.833,55.0,73,1,4.83,clear sky
120,Thompson,CA,2021-05-28 01:49:32,55.7435,-97.8558,53.76,30,40,11.5,scattered clouds
121,Tutoia,BR,2021-05-28 01:49:32,-2.7619,-42.2744,79.84,80,19,3.8,few clouds
122,Sao Joao Da Barra,BR,2021-05-28 01:49:32,-21.6403,-41.0511,71.38,89,0,1.48,clear sky
123,Hengshan,CN,2021-05-28 01:49:33,45.2,130.9167,65.57,43,96,6.51,overcast clouds
124,Toumodi,CI,2021-05-28 01:49:33,6.5613,-5.0158,77.5,98,58,3.09,broken clouds
125,Shizuishan,CN,2021-05-28 01:49:33,39.2333,106.7694,70.79,16,7,12.1,clear sky
126,Tevaitoa,PF,2021-05-28 01:49:34,-16.7833,-151.5,80.49,70,20,7.16,few clouds
127,Otane,NZ,2021-05-28 01:49:34,-39.8833,176.6333,58.39,42,88,3.6,overcast clouds
128,Hamilton,US,2021-05-28 01:47:32,39.1834,-84.5333,73.15,78,1,3.06,clear sky
129,Smithers,CA,2021-05-28 01:45:06,54.7804,-127.1743,50.32,81,90,10.36,light rain
130,Bandarbeyla,SO,2021-05-28 01:45:37,9.4942,50.8122,78.19,79,54,17.74,broken clouds
131,Nanortalik,GL,2021-05-28 01:45:07,60.1432,-45.2371,41.27,76,70,1.68,broken clouds
132,Clarence Town,AU,2021-05-28 01:49:35,-32.5833,151.7833,64.15,49,9,8.57,clear sky
133,Caraguatatuba,BR,2021-05-28 01:49:35,-23.6338,-45.4899,67.82,83,5,4.34,clear sky
134,Talcahuano,CL,2021-05-28 01:49:36,-36.7167,-73.1167,55.08,82,20,4.61,few clouds
135,Qaanaaq,GL,2021-05-28 01:49:36,77.484,-69.3632,37.98,71,78,8.66,broken clouds
136,Kalmunai,LK,2021-05-28 01:49:36,7.4167,81.8167,82.06,66,22,1.72,few clouds
137,Abha,SA,2021-05-28 01:49:37,18.2164,42.5053,66.02,20,0,4.92,clear sky
138,Saint-Augustin,CA,2021-05-28 01:49:37,51.226,-58.6502,45.88,81,100,6.02,overcast clouds
139,Labuhan,ID,2021-05-28 01:49:37,-6.8844,112.2051,85.01,71,48,8.08,light rain
140,Kaitangata,NZ,2021-05-28 01:49:38,-46.2817,169.8464,45.73,93,100,2.77,light rain
141,Flin Flon,CA,2021-05-28 01:49:38,54.7682,-101.865,55.71,42,50,12.57,scattered clouds
142,Okha,RU,2021-05-28 01:49:38,53.5739,142.9478,44.8,70,40,9.89,scattered clouds
143,Cidreira,BR,2021-05-28 01:49:39,-30.1811,-50.2056,60.93,76,0,9.6,clear sky
144,Port Alfred,ZA,2021-05-28 01:47:13,-33.5906,26.891,59.18,77,12,8.75,few clouds
145,Gat,IL,2021-05-28 01:45:54,31.61,34.7642,75.4,78,0,6.38,clear sky
146,New Norfolk,AU,2021-05-28 01:49:39,-42.7826,147.0587,49.75,40,67,7.11,broken clouds
147,Aklavik,CA,2021-05-28 01:49:40,68.2191,-135.0107,32.83,63,100,16.67,overcast clouds
148,Wagar,SD,2021-05-28 01:49:40,16.1525,36.2032,89.74,36,26,8.46,scattered clouds
149,Maniitsoq,GL,2021-05-28 01:49:40,65.4167,-52.9,33.06,90,58,0.54,broken clouds
150,Xinyu,CN,2021-05-28 01:49:11,27.8043,114.9334,70.32,91,100,5.01,overcast clouds
151,Alofi,NU,2021-05-28 01:45:00,-19.0595,-169.9187,82.29,74,40,8.05,scattered clouds
152,Bargarh,IN,2021-05-28 01:49:41,21.3333,83.6167,83.91,56,100,3.29,overcast clouds
153,Gizo,SB,2021-05-28 01:49:41,-8.103,156.8419,77.76,93,100,10.92,heavy intensity rain
154,Pisco,PE,2021-05-28 01:49:41,-13.7,-76.2167,66.25,82,90,8.05,overcast clouds
155,Taltal,CL,2021-05-28 01:45:46,-25.4,-70.4833,61.34,84,24,2.1,few clouds
156,Straumen,NO,2021-05-28 01:49:42,63.8709,11.2999,45.95,85,18,1.45,few clouds
157,Velyka Bilozerka,UA,2021-05-28 01:49:42,47.2776,34.7062,61.47,66,18,1.86,few clouds
158,Brawley,US,2021-05-28 01:49:43,32.9787,-115.5303,98.85,4,1,10.0,clear sky
159,Agua Dulce,MX,2021-05-28 01:49:43,18.1333,-94.1333,81.12,79,28,9.06,scattered clouds
160,Hanstholm,DK,2021-05-28 01:49:43,57.1167,8.6167,49.62,95,20,6.85,few clouds
161,Roebourne,AU,2021-05-28 01:49:44,-20.7833,117.1333,81.36,40,47,18.9,scattered clouds
162,Kogon,UZ,2021-05-28 01:49:44,39.7228,64.5517,73.44,46,0,4.61,clear sky
163,Lebu,CL,2021-05-28 01:49:44,-37.6167,-73.65,54.1,84,66,11.65,broken clouds
164,Geraldton,AU,2021-05-28 01:49:45,-28.7667,114.6,64.81,72,40,7.9,light rain
165,Black River,JM,2021-05-28 01:49:45,18.0264,-77.8487,80.6,84,15,2.17,few clouds
166,Marabba,SD,2021-05-28 01:49:45,12.35,32.1833,86.52,44,8,13.44,clear sky
167,Vaini,TO,2021-05-28 01:49:46,-21.2,-175.2,77.16,73,20,10.36,few clouds
168,Sambava,MG,2021-05-28 01:49:46,-14.2667,50.1667,69.44,83,0,7.9,clear sky
169,Souillac,MU,2021-05-28 01:49:46,-20.5167,57.5167,74.35,88,75,6.42,broken clouds
170,Kolno,PL,2021-05-28 01:49:47,53.4115,21.9291,42.91,93,63,4.09,broken clouds
171,Bambous Virieux,MU,2021-05-28 01:49:47,-20.3428,57.7575,74.21,88,75,9.4,broken clouds
172,Alyangula,AU,2021-05-28 01:49:48,-13.8483,136.4192,80.47,61,63,17.38,broken clouds
173,Praia,CV,2021-05-28 01:49:48,14.9215,-23.5087,70.34,78,20,13.8,few clouds
174,Saint George,US,2021-05-28 01:45:06,37.1041,-113.5841,93.67,10,1,4.0,clear sky
175,Hualmay,PE,2021-05-28 01:49:48,-11.0964,-77.6139,65.35,92,44,6.69,scattered clouds
176,Nelson Bay,AU,2021-05-28 01:49:49,-32.7167,152.15,64.29,55,71,4.0,broken clouds
177,Anchorage,US,2021-05-28 01:46:56,61.2181,-149.9003,58.64,69,1,4.0,clear sky
178,Evensk,RU,2021-05-28 01:49:49,61.95,159.2333,40.26,81,88,6.8,light rain
179,Port Macquarie,AU,2021-05-28 01:49:49,-31.4333,152.9167,64.89,51,0,15.43,clear sky
180,Komsomolskiy,UZ,2021-05-28 01:49:50,40.4272,71.7189,74.12,35,0,4.61,clear sky
181,Siavonga,ZM,2021-05-28 01:49:50,-16.5382,28.7088,58.48,56,0,4.14,clear sky
182,Mariental,NA,2021-05-28 01:49:50,-24.6333,17.9667,57.04,32,12,5.35,few clouds
183,Saint-Philippe,RE,2021-05-28 01:49:51,-21.3585,55.7679,71.19,78,32,3.27,scattered clouds
184,Lompoc,US,2021-05-28 01:49:51,34.6391,-120.4579,70.41,82,90,16.11,overcast clouds
185,Polignano A Mare,IT,2021-05-28 01:49:51,40.9959,17.2159,66.69,59,2,7.23,clear sky
186,Maceio,BR,2021-05-28 01:49:52,-9.6658,-35.7353,78.24,83,75,9.64,broken clouds
187,Pangody,RU,2021-05-28 01:49:52,65.85,74.4859,36.14,60,77,11.83,broken clouds
188,Athabasca,CA,2021-05-28 01:45:35,54.7169,-113.2854,73.09,67,90,6.93,light rain
189,Tucuma,BR,2021-05-28 01:49:53,-0.1833,-50.05,75.16,96,100,6.6,overcast clouds
190,San Quintin,MX,2021-05-28 01:49:53,30.4833,-115.95,60.51,74,0,15.28,clear sky
191,Tocopilla,CL,2021-05-28 01:49:53,-22.092,-70.1979,66.65,75,83,1.45,broken clouds
192,Yellowknife,CA,2021-05-28 01:48:02,62.456,-114.3525,57.72,38,75,4.61,broken clouds
193,Baglan,AF,2021-05-28 01:49:54,36.1307,68.7083,82.63,23,79,3.13,broken clouds
194,Korla,CN,2021-05-28 01:49:54,41.7597,86.1469,81.16,12,2,3.56,clear sky
195,Bowen,AU,2021-05-28 01:49:54,-20.0167,148.2333,73.62,38,0,8.72,clear sky
196,Bethel,US,2021-05-28 01:49:55,41.3712,-73.414,70.38,53,1,6.91,clear sky
197,Mount Gambier,AU,2021-05-28 01:49:55,-37.8333,140.7667,55.31,76,90,10.36,overcast clouds
198,Ust-Maya,RU,2021-05-28 01:45:53,60.4167,134.5333,55.89,64,90,7.02,light rain
199,Mayo,US,2021-05-28 01:49:55,38.8876,-76.5119,75.58,78,1,4.79,clear sky
200,Necochea,AR,2021-05-28 01:49:56,-38.5473,-58.7368,60.04,67,100,14.36,light rain
201,Simoes,BR,2021-05-28 01:49:56,-7.5989,-40.8178,72.34,56,82,10.47,broken clouds
202,Prince Rupert,CA,2021-05-28 01:45:06,54.3161,-130.3201,55.09,81,40,11.5,scattered clouds
203,Pailon,BO,2021-05-28 01:49:57,-17.65,-62.75,76.1,66,81,7.87,broken clouds
204,Saint-Pierre,RE,2021-05-28 01:45:26,-21.3393,55.4781,71.28,72,0,9.22,clear sky
205,Kungurtug,RU,2021-05-28 01:49:57,50.5994,97.5228,64.89,47,7,1.1,clear sky
206,Kudahuvadhoo,MV,2021-05-28 01:49:57,2.6708,72.8944,84.09,74,100,19.39,overcast clouds
207,Chuy,UY,2021-05-28 01:49:58,-33.6971,-53.4616,55.24,90,0,7.09,clear sky
208,Konibodom,TJ,2021-05-28 01:49:58,40.2843,70.4426,74.97,34,0,4.79,clear sky
209,Oswego,US,2021-05-28 01:49:58,43.4501,-76.1497,53.83,87,79,1.41,broken clouds
210,Vostok,RU,2021-05-28 01:49:59,46.4856,135.8833,59.43,45,98,2.3,overcast clouds
211,Kabinda,CD,2021-05-28 01:49:59,-6.1333,24.4833,67.14,59,100,3.4,overcast clouds
212,Tangwani,PK,2021-05-28 01:49:59,28.2787,68.9972,85.93,47,0,12.28,clear sky
213,Vanimo,PG,2021-05-28 01:50:00,-2.6741,141.3028,84.4,75,66,3.49,broken clouds
214,Kiama,AU,2021-05-28 01:50:00,-34.6833,150.8667,63.37,40,52,20.96,broken clouds
215,Manoharpur,IN,2021-05-28 01:50:01,27.3,75.95,88.75,18,30,6.76,scattered clouds
216,Jinchang,CN,2021-05-28 01:50:02,38.4953,102.1739,70.77,18,94,2.51,overcast clouds
217,Mayahi,NE,2021-05-28 01:50:03,13.9553,7.6712,82.06,10,100,7.45,overcast clouds
218,Freeport,US,2021-05-28 01:50:04,40.6576,-73.5832,73.58,49,1,1.99,clear sky
219,Manakara,MG,2021-05-28 01:50:04,-22.1333,48.0167,64.09,94,17,3.91,few clouds
220,Matay,EG,2021-05-28 01:50:04,28.419,30.7792,74.7,42,0,9.01,clear sky
221,Dongsheng,CN,2021-05-28 01:50:05,39.8161,109.9776,62.1,19,0,11.77,clear sky
222,Kwidzyn,PL,2021-05-28 01:50:05,53.7249,18.9311,47.26,90,22,6.06,few clouds
223,Sinjar,IQ,2021-05-28 01:50:05,36.3209,41.8754,77.2,22,0,6.49,clear sky
224,Rio Gallegos,AR,2021-05-28 01:50:06,-51.6226,-69.2181,28.45,86,20,16.11,few clouds
225,Ishigaki,JP,2021-05-28 01:50:06,24.3448,124.1572,86.13,84,75,17.27,broken clouds
226,College,US,2021-05-28 01:50:06,64.8569,-147.8028,57.58,44,75,19.57,broken clouds
227,Asau,RO,2021-05-28 01:50:07,46.4333,26.4,58.39,100,71,3.76,broken clouds
228,Coari,BR,2021-05-28 01:50:07,-4.085,-63.1414,79.07,77,100,2.01,overcast clouds
229,Dakar,SN,2021-05-28 01:50:07,14.6937,-17.4441,70.68,84,5,15.77,clear sky
230,Songjianghe,CN,2021-05-28 01:50:08,42.1859,127.479,54.19,76,100,0.96,overcast clouds
231,Issaquah,US,2021-05-28 01:49:59,47.5301,-122.0326,58.41,85,40,1.01,light rain
232,Honiara,SB,2021-05-28 01:50:08,-9.4333,159.95,78.4,86,100,1.48,overcast clouds
233,Baykit,RU,2021-05-28 01:50:09,61.67,96.37,44.64,73,100,11.16,light rain
234,Tiznit,MA,2021-05-28 01:50:09,29.5833,-9.5,63.5,75,94,2.15,overcast clouds
235,Presidente Dutra,BR,2021-05-28 01:50:09,-5.29,-44.49,72.45,68,29,2.42,scattered clouds
236,Roald,NO,2021-05-28 01:50:10,62.5833,6.1333,48.34,93,90,9.22,overcast clouds
237,Ha Giang,VN,2021-05-28 01:50:10,22.8333,104.9833,85.41,80,96,3.31,overcast clouds
238,Ladario,BR,2021-05-28 01:50:10,-19.0047,-57.6017,75.99,59,46,2.06,scattered clouds
239,Ascension,US,2021-05-28 01:50:11,30.2169,-90.9001,80.6,74,1,6.91,clear sky
240,Oeiras,BR,2021-05-28 01:48:36,-7.0253,-42.1311,73.87,49,19,4.59,few clouds
241,Fort Collins,US,2021-05-28 01:48:21,40.5853,-105.0844,73.99,41,1,1.01,clear sky
242,Khatanga,RU,2021-05-28 01:50:12,71.9667,102.5,31.69,88,92,11.68,overcast clouds
243,Miraflores,MX,2021-05-28 01:50:12,19.2167,-98.8083,73.87,60,97,2.21,overcast clouds
244,Dingle,PH,2021-05-28 01:50:12,10.9995,122.6711,88.63,63,59,4.45,broken clouds
245,Weinfelden,CH,2021-05-28 01:50:13,47.5667,9.1,47.82,94,0,0.67,clear sky
246,Port Blair,IN,2021-05-28 01:45:55,11.6667,92.75,80.64,89,40,0.0,scattered clouds
247,Yulara,AU,2021-05-28 01:50:13,-25.2406,130.9889,53.44,47,100,16.11,overcast clouds
248,Castro,BR,2021-05-28 01:50:13,-24.7911,-50.0119,58.51,87,39,2.59,scattered clouds
249,Parana,AR,2021-05-28 01:50:14,-31.732,-60.5238,63.57,66,100,8.3,overcast clouds
250,Codrington,AU,2021-05-28 01:50:14,-38.2667,141.9667,55.29,54,98,10.11,overcast clouds
251,Charyshskoye,RU,2021-05-28 01:50:15,51.3978,83.5598,51.98,83,77,5.01,broken clouds
252,Mnogovershinnyy,RU,2021-05-28 01:50:15,53.9353,139.9242,53.38,48,59,3.8,light rain
253,Beian,NO,2021-05-28 01:50:15,63.6559,9.5683,45.55,87,20,10.36,few clouds
254,Caravelas,BR,2021-05-28 01:50:16,-17.7125,-39.2481,73.29,84,32,5.39,scattered clouds
255,Channel-Port Aux Basques,CA,2021-05-28 01:50:16,47.5702,-59.1367,42.35,69,3,20.42,clear sky
256,Flinders,AU,2021-05-28 01:50:16,-34.5833,150.8552,63.18,44,37,5.01,scattered clouds
257,Sakaiminato,JP,2021-05-28 01:50:17,35.55,133.2333,75.13,56,20,4.61,few clouds
258,Abu Samrah,SY,2021-05-28 01:50:17,35.3029,37.1841,66.27,60,0,8.43,clear sky
259,Bambanglipuro,ID,2021-05-28 01:50:17,-7.95,110.2833,67.6,73,12,5.35,few clouds
260,Bocaiuva,BR,2021-05-28 01:50:18,-17.1078,-43.815,69.51,72,86,2.8,overcast clouds
261,Tornio,FI,2021-05-28 01:50:18,65.8481,24.1466,32.02,80,100,2.91,overcast clouds
262,Fergus Falls,US,2021-05-28 01:50:18,46.283,-96.0776,50.72,65,40,0.0,scattered clouds
263,Kununurra,AU,2021-05-28 01:46:09,-15.7667,128.7333,78.78,27,6,12.66,clear sky
264,Sinjai,ID,2021-05-28 01:50:19,-5.1241,120.253,83.19,79,57,8.95,broken clouds
265,Vardo,NO,2021-05-28 01:50:19,70.3705,31.1107,37.11,77,98,23.44,overcast clouds
266,Punalur,IN,2021-05-28 01:50:19,9.0,76.9333,78.48,90,99,1.36,overcast clouds
267,Saint-Ambroise,CA,2021-05-28 01:50:20,48.5501,-71.3324,41.31,48,5,11.01,clear sky
268,Cabedelo,BR,2021-05-28 01:50:20,-6.9811,-34.8339,75.87,83,84,9.98,broken clouds
269,Camana,PE,2021-05-28 01:50:20,-16.6228,-72.7111,66.16,86,75,1.3,broken clouds
270,Avera,US,2021-05-28 01:50:21,33.194,-82.5271,83.53,48,3,7.58,clear sky
271,Tautira,PF,2021-05-28 01:50:21,-17.7333,-149.15,84.22,60,52,3.94,broken clouds
272,Esperance,AU,2021-05-28 01:50:21,-33.8667,121.9,58.84,43,0,16.53,clear sky
273,Hobyo,SO,2021-05-28 01:50:22,5.3505,48.5268,77.97,82,94,16.35,overcast clouds
274,Chapleau,CA,2021-05-28 01:50:22,47.8405,-83.4034,39.29,45,20,8.05,few clouds
275,Banda Aceh,ID,2021-05-28 01:50:22,5.5577,95.3222,85.35,65,77,13.15,broken clouds
276,Batagay-Alyta,RU,2021-05-28 01:50:23,67.8006,130.4114,61.05,34,28,7.87,scattered clouds
277,Tremedal,BR,2021-05-28 01:50:23,-14.9758,-41.4108,67.42,62,4,2.98,clear sky
278,Boras,SE,2021-05-28 01:50:23,57.721,12.9401,48.54,88,97,3.18,overcast clouds
279,Northam,GB,2021-05-28 01:50:24,51.0333,-4.2167,52.14,94,100,4.36,light rain
280,Narsaq,GL,2021-05-28 01:50:24,60.9167,-46.05,42.91,64,67,6.06,broken clouds
281,Port-Gentil,GA,2021-05-28 01:50:24,-0.7193,8.7815,77.86,83,100,8.97,overcast clouds
282,Cayenne,GF,2021-05-28 01:50:25,4.9333,-52.3333,76.08,90,20,5.77,light rain
283,Ribeira Grande,PT,2021-05-28 01:50:25,38.5167,-28.7,59.38,64,100,7.05,overcast clouds
284,Santiago De Cao,PE,2021-05-28 01:50:26,-7.9589,-79.2392,64.53,100,90,10.47,overcast clouds
285,Abonnema,NG,2021-05-28 01:50:26,4.7084,6.7931,77.14,90,27,3.31,scattered clouds
286,Vao,NC,2021-05-28 01:50:26,-22.6667,167.4833,71.58,69,92,12.75,overcast clouds
287,Rundu,NA,2021-05-28 01:50:27,-17.9333,19.7667,49.78,47,0,4.83,clear sky
288,Kota Kinabalu,MY,2021-05-28 01:50:21,5.9749,116.0724,87.78,74,20,3.44,few clouds
289,Kjollefjord,NO,2021-05-28 01:50:27,70.9457,27.3465,35.92,78,100,21.09,overcast clouds
290,Onega,RU,2021-05-28 01:50:28,63.9061,38.1404,42.01,93,100,6.42,overcast clouds
291,Sabalgarh,IN,2021-05-28 01:50:28,26.25,77.4,88.3,49,2,8.3,clear sky
292,Severo-Kurilsk,RU,2021-05-28 01:50:28,50.6789,156.125,40.62,80,83,10.49,broken clouds
293,Surt,LY,2021-05-28 01:50:29,31.2089,16.5887,75.61,39,13,9.4,few clouds
294,Tucupita,VE,2021-05-28 01:50:29,9.0622,-62.051,73.63,98,100,3.51,overcast clouds
295,Quelimane,MZ,2021-05-28 01:50:29,-17.8786,36.8883,62.51,93,0,2.95,clear sky
296,Chokwe,MZ,2021-05-28 01:50:30,-24.5333,32.9833,58.48,57,3,6.02,clear sky
297,Georgetown,MY,2021-05-28 01:49:14,5.4112,100.3354,84.13,83,20,1.01,few clouds
298,Kokopo,PG,2021-05-28 01:50:30,-4.352,152.2633,76.71,92,100,6.2,light rain
299,Bang Racham,TH,2021-05-28 01:50:30,14.892,100.3173,87.06,74,100,4.27,overcast clouds
300,Boromo,BF,2021-05-28 01:50:31,11.75,-2.9333,87.49,47,90,10.31,overcast clouds
301,Buchanan,LR,2021-05-28 01:50:31,5.8808,-10.0467,78.76,87,16,2.35,light rain
302,Lazaro Cardenas,MX,2021-05-28 01:50:32,17.9583,-102.2,81.0,67,93,4.9,overcast clouds
303,Dunedin,NZ,2021-05-28 01:50:32,-45.8742,170.5036,48.79,79,100,8.99,overcast clouds
304,Alamosa,US,2021-05-28 01:50:33,37.4695,-105.87,65.71,24,1,10.36,clear sky
305,Lata,PT,2021-05-28 01:50:33,40.1629,-8.3327,59.72,88,88,2.35,overcast clouds
306,Khandbari,NP,2021-05-28 01:50:33,27.3747,87.2039,69.13,97,100,1.68,overcast clouds
307,Mundo Nuevo,MX,2021-05-28 01:50:34,18.7,-95.5,82.65,75,100,13.13,overcast clouds
308,Mountain Home,US,2021-05-28 01:48:29,43.133,-115.6912,80.08,16,20,12.71,few clouds
309,Apac,UG,2021-05-28 01:50:34,1.9756,32.5386,63.1,93,99,1.99,light rain
310,Olafsvik,IS,2021-05-28 01:50:34,64.8945,-23.7142,46.11,74,88,15.37,overcast clouds
311,Harper,LR,2021-05-28 01:50:35,4.375,-7.7169,78.8,85,14,5.86,light rain
312,Charters Towers,AU,2021-05-28 01:50:35,-20.1,146.2667,73.51,30,0,12.75,clear sky
313,Kinsale,IE,2021-05-28 01:50:36,51.7075,-8.5306,50.23,100,75,11.3,broken clouds
314,Olinda,BR,2021-05-28 01:50:36,-8.0089,-34.8553,73.13,88,75,10.71,broken clouds
315,Guerrero Negro,MX,2021-05-28 01:50:36,27.9769,-114.0611,60.96,75,0,22.12,clear sky
316,Pires Do Rio,BR,2021-05-28 01:50:37,-17.2997,-48.2794,71.76,59,30,4.32,scattered clouds
317,Labuan,MY,2021-05-28 01:50:37,5.2767,115.2417,86.16,88,40,0.0,scattered clouds
318,Qaqortoq,GL,2021-05-28 01:50:37,60.7167,-46.0333,42.78,68,97,4.59,overcast clouds
319,Durusu,TR,2021-05-28 01:50:38,41.3053,28.6767,62.78,92,96,11.01,overcast clouds
320,Cockburn Town,TC,2021-05-28 01:50:08,21.4612,-71.1419,78.98,77,2,16.98,clear sky
321,Cabanglasan,PH,2021-05-28 01:50:38,8.1214,125.3275,86.11,61,11,2.01,few clouds
322,Cobija,BO,2021-05-28 01:50:38,-11.0267,-68.7692,72.72,75,24,2.71,few clouds
323,Lakeland Highlands,US,2021-05-28 01:50:39,27.9597,-81.9501,81.88,64,1,2.89,clear sky
324,Boa Vista,BR,2021-05-28 01:50:39,2.8197,-60.6733,76.98,88,40,1.14,scattered clouds
325,Skegness,GB,2021-05-28 01:50:39,53.1436,0.3363,51.96,84,100,11.9,overcast clouds
326,Caxito,AO,2021-05-28 01:50:40,-8.5785,13.6643,77.65,96,71,3.33,broken clouds
327,Kahului,US,2021-05-28 01:49:31,20.8947,-156.47,87.82,64,40,21.85,scattered clouds
328,Pascagoula,US,2021-05-28 01:50:40,30.3658,-88.5561,80.65,79,1,10.98,clear sky
329,Kushima,JP,2021-05-28 01:49:04,31.4583,131.2333,69.84,54,100,3.94,overcast clouds
330,Hyeres,FR,2021-05-28 01:50:41,43.1167,6.1167,61.68,89,0,2.3,clear sky
331,Plouzane,FR,2021-05-28 01:50:41,48.3833,-4.6167,53.69,90,0,5.95,clear sky
332,Novobirilyussy,RU,2021-05-28 01:50:41,56.9514,90.6661,40.39,87,100,12.68,overcast clouds
333,Amalfi,CO,2021-05-28 01:50:42,6.9102,-75.0776,61.41,99,56,1.32,moderate rain
334,Aleksandrovskiy Zavod,RU,2021-05-28 01:50:42,50.9237,117.9374,50.81,57,87,6.58,overcast clouds
335,Horki,BY,2021-05-28 01:50:42,54.2861,30.9842,50.88,91,23,2.91,few clouds
336,Kuching,MY,2021-05-28 01:50:43,1.55,110.3333,82.62,89,20,2.3,few clouds
337,Maba,CN,2021-05-28 01:50:43,24.6841,113.5984,82.17,83,93,0.81,overcast clouds
338,Zacamulpa,MX,2021-05-28 01:50:43,19.3564,-99.3333,68.97,45,79,7.09,broken clouds
339,Mezen,RU,2021-05-28 01:50:44,65.8522,44.24,38.98,89,100,8.14,overcast clouds
340,Glace Bay,CA,2021-05-28 01:50:44,46.1969,-59.957,48.78,77,75,8.01,broken clouds
341,Santa Maria,BR,2021-05-28 01:46:24,-29.6842,-53.8069,54.7,94,0,4.07,clear sky
342,Te Anau,NZ,2021-05-28 01:50:45,-45.4167,167.7167,42.24,94,100,2.19,overcast clouds
343,Katsuura,JP,2021-05-28 01:50:45,35.1333,140.3,73.51,73,100,11.23,overcast clouds
344,Bouna,CI,2021-05-28 01:50:45,9.2667,-3.0,74.8,84,35,4.72,scattered clouds
345,Angoche,MZ,2021-05-28 01:50:46,-16.2325,39.9086,71.13,79,57,5.93,broken clouds
346,Beringovskiy,RU,2021-05-28 01:50:46,63.05,179.3167,33.4,97,100,6.93,overcast clouds
347,Lander,US,2021-05-28 01:50:46,42.833,-108.7307,72.41,28,1,3.44,clear sky
348,Road Town,VG,2021-05-28 01:50:47,18.4167,-64.6167,80.69,74,1,11.74,clear sky
349,Gorele,TR,2021-05-28 01:50:47,41.0308,39.0031,62.04,89,4,1.79,clear sky
350,Sitka,US,2021-05-28 01:50:47,57.0531,-135.33,48.09,76,90,8.05,overcast clouds
351,Longyearbyen,SJ,2021-05-28 01:50:48,78.2186,15.6401,30.04,59,20,10.36,few clouds
352,Thinadhoo,MV,2021-05-28 01:50:48,0.5333,72.9333,84.76,72,86,21.34,overcast clouds
353,Sargatskoye,RU,2021-05-28 01:50:48,55.6101,73.4972,50.45,61,91,5.88,overcast clouds
354,Zhigansk,RU,2021-05-28 01:50:49,66.7697,123.3711,54.23,54,13,19.84,few clouds
355,Bagotville,AU,2021-05-28 01:50:49,-28.9833,153.4167,66.22,62,0,7.11,clear sky
356,Waipawa,NZ,2021-05-28 01:50:49,-41.4122,175.5153,53.46,57,99,5.46,overcast clouds
357,Tabuk,PH,2021-05-28 01:50:50,17.4189,121.4443,91.54,53,77,5.28,broken clouds
358,Huadian,CN,2021-05-28 01:50:50,42.9633,126.7478,59.32,62,100,3.78,overcast clouds
359,Balkanabat,TM,2021-05-28 01:50:50,39.5108,54.3671,73.2,51,0,3.83,clear sky
360,Ojinaga,MX,2021-05-28 01:50:51,29.5667,-104.4167,92.35,25,1,0.0,clear sky
361,Blagoyevo,RU,2021-05-28 01:50:51,63.3667,47.9167,40.51,94,99,5.39,overcast clouds
362,Lerwick,GB,2021-05-28 01:50:52,60.1545,-1.1494,46.4,90,11,6.82,few clouds
363,Yaan,NG,2021-05-28 01:50:52,7.3833,8.5667,76.46,85,14,6.71,few clouds
364,Padang,ID,2021-05-28 01:50:52,-0.9492,100.3543,84.25,74,100,1.83,overcast clouds
365,Verkhniy Baskunchak,RU,2021-05-28 01:50:53,48.2256,46.7217,67.95,47,100,11.01,overcast clouds
366,Lannion,FR,2021-05-28 01:50:53,48.75,-3.4167,52.05,93,90,3.44,overcast clouds
367,Tsabong,BW,2021-05-28 01:50:53,-26.0217,22.401,58.8,29,37,8.25,scattered clouds
368,Ornskoldsvik,SE,2021-05-28 01:50:54,63.2909,18.7153,34.75,93,30,3.89,scattered clouds
369,Moron,AR,2021-05-28 01:50:54,-34.6534,-58.6198,64.29,75,9,3.0,clear sky
370,Akdepe,TM,2021-05-28 01:50:54,42.0551,59.3788,75.29,35,9,7.38,clear sky
371,Sur,OM,2021-05-28 01:50:54,22.5667,59.5289,86.88,54,31,2.64,scattered clouds
372,Ayolas,PY,2021-05-28 01:50:55,-27.4,-56.9,63.84,70,96,5.7,light rain
373,Morondava,MG,2021-05-28 01:50:55,-20.2833,44.2833,66.51,85,1,6.67,clear sky
374,Campbell River,CA,2021-05-28 01:50:55,50.0163,-125.2446,54.93,88,75,3.44,broken clouds
375,Mitu,CO,2021-05-28 01:50:56,1.1983,-70.1733,71.29,98,46,2.15,scattered clouds
376,Sao Filipe,CV,2021-05-28 01:50:56,14.8961,-24.4956,72.99,77,2,7.83,clear sky
377,Makakilo City,US,2021-05-28 01:49:34,21.3469,-158.0858,86.32,55,1,18.41,clear sky
378,Huntsville,US,2021-05-28 01:50:57,34.7304,-86.5861,76.82,81,40,2.98,scattered clouds
379,Kontagora,NG,2021-05-28 01:50:57,10.3999,5.4695,79.57,66,100,6.55,overcast clouds
380,Comodoro Rivadavia,AR,2021-05-28 01:50:57,-45.8667,-67.5,49.86,62,0,11.5,clear sky
381,Lalibela,ET,2021-05-28 01:50:58,12.0333,39.0333,59.67,46,6,6.96,clear sky
382,Gamba,GA,2021-05-28 01:50:58,-2.65,10.0,74.7,93,100,4.27,overcast clouds
383,Salym,RU,2021-05-28 01:50:58,60.0625,71.4789,42.8,48,100,2.86,overcast clouds
384,Larnaca,CY,2021-05-28 01:50:59,34.9167,33.6292,69.67,88,75,0.0,broken clouds
385,Pyaozerskiy,RU,2021-05-28 01:50:59,65.8333,31.1667,41.11,74,100,8.57,overcast clouds
386,Touros,BR,2021-05-28 01:50:59,-5.1989,-35.4608,76.1,86,18,12.71,few clouds
387,San Andres,CO,2021-05-28 01:51:00,12.5847,-81.7006,82.42,83,75,13.8,broken clouds
388,Harqalah,TN,2021-05-28 01:51:00,36.0303,10.509,70.5,75,0,4.61,clear sky
389,Ancud,CL,2021-05-28 01:51:01,-41.8697,-73.8203,49.53,84,100,20.96,light rain
390,Ozernovskiy,RU,2021-05-28 01:51:01,51.5,156.5167,38.61,90,100,9.44,light rain
391,Burnie,AU,2021-05-28 01:51:03,-41.0667,145.9167,52.95,51,27,9.28,scattered clouds
392,Gladstone,AU,2021-05-28 01:51:03,-23.85,151.25,71.78,23,0,8.05,clear sky
393,Saldanha,ZA,2021-05-28 01:51:04,-33.0117,17.9442,57.25,89,100,13.85,overcast clouds
394,Mazamari,PE,2021-05-28 01:51:04,-11.3258,-74.5308,72.39,78,91,2.46,overcast clouds
395,Faya,SA,2021-05-28 01:51:04,18.3851,42.4509,66.31,23,8,5.3,clear sky
396,Vagay,RU,2021-05-28 01:51:05,57.9375,69.0217,45.9,57,73,4.36,broken clouds
397,Banting,MY,2021-05-28 01:51:05,2.8167,101.5,82.53,78,52,1.59,broken clouds
398,Koumac,NC,2021-05-28 01:51:05,-20.5667,164.2833,75.92,60,40,9.93,scattered clouds
399,Vila Velha,BR,2021-05-28 01:50:45,-20.3297,-40.2925,72.95,95,40,1.01,scattered clouds
400,Serebryanyy Bor,RU,2021-05-28 01:51:06,56.8,124.8,43.21,92,100,4.16,light rain
401,Pedasi,PA,2021-05-28 01:51:06,7.5333,-80.0333,69.44,81,100,9.22,overcast clouds
402,Bilma,NE,2021-05-28 01:51:06,18.6853,12.9164,83.64,7,0,5.35,clear sky
403,Vachi,RU,2021-05-28 01:51:07,42.072,47.2151,47.97,80,54,7.02,broken clouds
404,Sakaraha,MG,2021-05-28 01:51:07,-22.9,44.5333,57.94,78,0,2.21,clear sky
405,Shimoda,JP,2021-05-28 01:51:08,34.6667,138.95,78.12,69,100,16.78,overcast clouds
406,La Paz,BO,2021-05-28 01:49:53,-16.5,-68.15,46.38,65,40,6.91,scattered clouds
407,Mehamn,NO,2021-05-28 01:51:08,71.0357,27.8492,35.47,81,100,20.8,overcast clouds
408,Patti,IN,2021-05-28 01:51:08,31.2808,74.8572,84.27,21,0,7.31,clear sky
409,Mocuba,MZ,2021-05-28 01:51:09,-16.8392,36.9856,59.83,98,6,3.4,clear sky
410,Oktyabrskoye,RU,2021-05-28 01:51:09,43.0645,44.7417,50.14,93,1,4.9,clear sky
411,Tuatapere,NZ,2021-05-28 01:51:09,-46.1333,167.6833,49.82,87,100,3.13,overcast clouds
412,Brownsville,US,2021-05-28 01:51:10,25.9018,-97.4975,83.08,82,75,5.01,broken clouds
413,Goderich,CA,2021-05-28 01:51:10,43.7501,-81.7165,48.9,76,100,8.05,overcast clouds
414,Susehri,TR,2021-05-28 01:51:10,40.1644,38.0867,57.13,61,24,2.89,few clouds
415,Araouane,ML,2021-05-28 01:51:11,18.9048,-3.5265,91.26,15,99,10.42,overcast clouds
416,Shingu,JP,2021-05-28 01:51:11,33.7333,135.9833,72.59,59,100,6.38,overcast clouds
417,Awbari,LY,2021-05-28 01:51:11,26.5921,12.7805,83.71,14,27,10.38,scattered clouds
418,Quatre Cocos,MU,2021-05-28 01:51:12,-20.2078,57.7625,74.08,86,42,9.95,scattered clouds
419,Coquimbo,CL,2021-05-28 01:48:32,-29.9533,-71.3436,55.13,87,90,6.2,overcast clouds
420,Aksha,RU,2021-05-28 01:51:12,50.2814,113.2867,57.18,34,0,1.77,clear sky
421,Khilok,RU,2021-05-28 01:51:12,51.3674,110.4676,53.35,55,30,2.48,scattered clouds
422,Tonantins,BR,2021-05-28 01:51:13,-2.8731,-67.8022,73.6,97,79,2.8,broken clouds
423,Nongan,CN,2021-05-28 01:51:13,44.382,125.1685,61.21,51,100,6.82,light rain
424,Odesskoye,RU,2021-05-28 01:51:13,54.2111,72.9651,54.05,53,14,6.4,few clouds
425,Mecca,SA,2021-05-28 01:51:14,21.4267,39.8261,84.29,45,6,6.22,clear sky
426,Port-Cartier,CA,2021-05-28 01:51:14,50.0334,-66.8654,39.74,53,18,16.8,few clouds
427,Buritis,BR,2021-05-28 01:51:03,-15.6178,-46.4233,72.86,59,16,0.67,few clouds
428,Havre-Saint-Pierre,CA,2021-05-28 01:51:15,50.2334,-63.5986,41.36,60,75,17.27,broken clouds
429,Mahonda,TZ,2021-05-28 01:51:15,-6.45,39.4667,77.11,72,52,14.09,light rain
430,Maragogi,BR,2021-05-28 01:51:15,-9.0122,-35.2225,76.6,84,74,11.74,broken clouds
431,Port Hardy,CA,2021-05-28 01:51:16,50.6996,-127.4199,50.18,87,75,9.22,light rain
432,Caohai,CN,2021-05-28 01:51:16,26.8661,104.2841,57.34,90,100,3.67,overcast clouds
433,Saurimo,AO,2021-05-28 01:51:16,-9.6608,20.3916,56.61,50,96,5.37,overcast clouds
434,Solenzo,BF,2021-05-28 01:51:17,12.1833,-4.0833,88.59,41,88,7.96,overcast clouds
435,Belmonte,BR,2021-05-28 01:51:17,-15.8631,-38.8828,75.7,77,3,8.08,clear sky
436,Nantucket,US,2021-05-28 01:51:17,41.2835,-70.0995,66.31,89,1,5.75,clear sky
437,Sisimiut,GL,2021-05-28 01:51:18,66.9395,-53.6735,34.72,90,79,1.95,broken clouds
438,Gorontalo,ID,2021-05-28 01:47:01,0.5412,123.0595,87.98,64,90,6.82,overcast clouds
439,Skjervoy,NO,2021-05-28 01:51:18,70.0311,20.9714,40.14,81,100,21.94,overcast clouds
440,Obihiro,JP,2021-05-28 01:51:19,42.9172,143.2044,53.01,91,100,4.65,overcast clouds
441,Oranjemund,NA,2021-05-28 01:51:19,-28.55,16.4333,54.7,85,6,3.94,clear sky
442,Porosozero,RU,2021-05-28 01:51:19,62.7191,32.727,44.53,93,100,1.79,light rain
443,Talnakh,RU,2021-05-28 01:51:20,69.4865,88.3972,25.84,72,100,1.52,overcast clouds
444,Chulman,RU,2021-05-28 01:51:20,56.8479,124.9104,43.75,91,100,4.83,light rain
445,Fuzhou,CN,2021-05-28 01:51:20,26.0614,119.3061,78.69,88,95,0.96,overcast clouds
446,Pangal,IN,2021-05-28 01:51:21,16.2761,78.1189,83.19,58,93,15.01,overcast clouds
447,Maicao,CO,2021-05-28 01:51:21,11.3832,-72.2432,79.84,79,92,11.32,overcast clouds
448,Mpanda,TZ,2021-05-28 01:51:21,-6.3655,31.0409,60.46,88,67,1.81,broken clouds
449,Keti Bandar,PK,2021-05-28 01:51:22,24.1447,67.4497,84.13,82,1,15.26,clear sky
450,Pokrovsk,UA,2021-05-28 01:51:22,48.282,37.1758,62.08,63,81,4.47,broken clouds
451,San-Pedro,CI,2021-05-28 01:51:22,4.7485,-6.6363,77.95,88,61,3.47,broken clouds
452,Mataram,ID,2021-05-28 01:51:09,-8.5833,116.1167,85.01,67,95,2.35,overcast clouds
453,Lingao,CN,2021-05-28 01:51:23,19.9103,109.6859,88.84,61,59,2.39,broken clouds
454,Praia Da Vitoria,PT,2021-05-28 01:51:23,38.7333,-27.0667,57.76,82,20,8.19,few clouds
455,Mount Isa,AU,2021-05-28 01:51:23,-20.7333,139.5,73.17,21,5,12.66,clear sky
456,Papetoai,PF,2021-05-28 01:51:24,-17.4961,-149.8729,83.79,68,10,4.88,clear sky
457,Agadir,MA,2021-05-28 01:51:24,30.4202,-9.5982,63.05,85,99,4.45,overcast clouds
458,Gainesville,US,2021-05-28 01:48:59,29.6516,-82.3248,84.04,60,90,1.01,overcast clouds
459,Sydney,AU,2021-05-28 01:48:05,-33.8679,151.2073,63.32,43,20,1.99,few clouds
460,Palmerston,AU,2021-05-28 01:51:25,-12.486,130.9833,82.89,46,0,13.58,clear sky
461,Stephenville Crossing,CA,2021-05-28 01:51:25,48.5,-58.4318,42.93,75,1,16.11,clear sky
462,Kharan,PK,2021-05-28 01:51:26,28.5833,65.4167,88.09,15,0,6.22,clear sky
463,Salalah,OM,2021-05-28 01:51:26,17.0151,54.0924,78.87,80,100,2.77,overcast clouds
464,Atikokan,CA,2021-05-28 01:51:26,48.7555,-91.6216,40.78,39,100,4.65,overcast clouds
465,Nieves,PH,2021-05-28 01:51:27,15.3274,120.9485,92.71,41,62,3.11,broken clouds
466,Tecolutla,MX,2021-05-28 01:51:27,20.4833,-97.0167,81.79,82,88,14.99,overcast clouds
467,Iqaluit,CA,2021-05-28 01:51:28,63.7506,-68.5145,31.73,74,90,10.0,overcast clouds
468,Andes,CO,2021-05-28 01:51:28,5.6561,-75.8788,69.69,99,89,2.1,overcast clouds
469,Balaipungut,ID,2021-05-28 01:51:28,1.05,101.2833,81.01,81,100,3.38,overcast clouds
470,Malmesbury,ZA,2021-05-28 01:51:28,-33.4608,18.7271,57.54,84,100,7.31,light rain
471,Kemijarvi,FI,2021-05-28 01:51:29,66.7131,27.4306,39.29,86,87,6.17,overcast clouds
472,Lasa,IT,2021-05-28 01:51:29,46.6166,10.7002,50.88,78,7,4.5,clear sky
473,Ostrovnoy,RU,2021-05-28 01:51:30,68.0531,39.5131,41.34,78,98,18.52,overcast clouds
474,Amapa,BR,2021-05-28 01:51:30,1.0,-52.0,71.65,100,100,2.3,overcast clouds
475,Shelburne,CA,2021-05-28 01:51:30,44.0787,-80.2041,47.12,60,100,5.32,overcast clouds
476,Naranjito,EC,2021-05-28 01:51:31,-2.2167,-79.4833,74.88,91,88,3.31,overcast clouds
477,Koslan,RU,2021-05-28 01:51:31,63.4564,48.8989,38.71,97,100,3.87,overcast clouds
478,Mehriz,IR,2021-05-28 01:51:31,31.5917,54.4318,66.7,27,0,2.26,clear sky
479,Namibe,AO,2021-05-28 01:51:32,-15.1961,12.1522,73.71,59,3,1.99,clear sky
480,Mitchell,US,2021-05-28 01:51:32,43.7094,-98.0298,48.18,95,90,4.0,overcast clouds
481,Nhulunbuy,AU,2021-05-28 01:51:32,-12.2333,136.7667,83.01,61,75,18.41,broken clouds
482,Morteni,RO,2021-05-28 01:51:33,44.6667,25.2333,60.71,91,100,5.19,overcast clouds
483,Adre,TD,2021-05-28 01:51:33,13.4667,22.2,80.35,42,72,7.05,broken clouds
484,Tura,IN,2021-05-28 01:51:33,25.5198,90.2201,79.21,84,36,5.41,scattered clouds
485,Peabiru,BR,2021-05-28 01:51:34,-23.9128,-52.3431,73.62,72,100,4.59,overcast clouds
486,Orel-Izumrud,RU,2021-05-28 01:51:34,43.4583,39.9244,62.55,94,12,4.47,few clouds
487,Tomobe,JP,2021-05-28 01:51:35,36.35,140.3,78.71,65,100,2.73,overcast clouds
488,Taoudenni,ML,2021-05-28 01:51:35,22.6783,-3.9836,97.54,15,98,9.69,overcast clouds
489,Villeneuve-Sur-Lot,FR,2021-05-28 01:51:35,44.5,0.6667,57.47,79,99,3.62,overcast clouds
490,Salsk,RU,2021-05-28 01:51:36,46.4725,41.5428,66.45,80,84,6.73,broken clouds
491,Yanam,IN,2021-05-28 01:51:36,16.7333,82.2167,88.2,45,52,6.64,broken clouds
492,Escarcega,MX,2021-05-28 01:51:36,18.6089,-90.7454,81.1,62,67,2.17,broken clouds
493,Tezu,IN,2021-05-28 01:51:37,27.9167,96.1667,77.81,94,97,0.31,overcast clouds
494,Sedro-Woolley,US,2021-05-28 01:51:37,48.5039,-122.2361,57.56,83,40,2.33,scattered clouds
495,Moose Factory,CA,2021-05-28 01:51:37,51.2585,-80.6094,37.4,65,90,4.61,overcast clouds
496,Alekseyevsk,RU,2021-05-28 01:51:38,57.8406,108.3492,57.87,36,7,4.92,clear sky
497,Aguimes,ES,2021-05-28 01:51:38,27.9054,-15.4461,63.23,72,20,16.11,few clouds
498,Emba,KZ,2021-05-28 01:51:38,48.8264,58.1442,68.07,38,50,18.41,scattered clouds
499,Trincomalee,LK,2021-05-28 01:47:09,8.5711,81.2335,82.8,75,6,23.0,clear sky
500,Qurayyat,SA,2021-05-28 01:51:39,31.3318,37.3428,68.18,34,0,7.58,clear sky
501,Ouro Preto,BR,2021-05-28 01:51:39,-20.3948,-43.5052,58.39,86,43,0.38,scattered clouds
502,Shitanjing,CN,2021-05-28 01:51:40,39.2342,106.3439,67.28,19,13,4.14,few clouds
503,Sorong,ID,2021-05-28 01:47:03,-0.8833,131.25,83.64,74,14,5.46,few clouds
504,Puerto Madryn,AR,2021-05-28 01:51:40,-42.7692,-65.0385,56.26,46,100,15.19,overcast clouds
505,Broken Hill,AU,2021-05-28 01:51:40,-31.95,141.4333,53.31,76,40,12.66,scattered clouds
506,Novita,CO,2021-05-28 01:51:41,4.9551,-76.6053,76.05,97,98,1.92,light rain
507,Vanavara,RU,2021-05-28 01:51:41,60.34,102.2797,54.99,33,97,11.36,overcast clouds
508,Bontang,ID,2021-05-28 01:51:41,0.1333,117.5,83.82,75,30,2.19,heavy intensity rain
509,Guaruja,BR,2021-05-28 01:49:18,-23.9931,-46.2564,75.27,59,52,3.0,broken clouds
510,Jasper,US,2021-05-28 01:50:43,37.2001,-94.3502,66.11,92,1,1.01,clear sky
511,Atasu,KZ,2021-05-28 01:51:42,48.6814,71.6433,59.56,48,1,18.79,clear sky
512,Shitkino,RU,2021-05-28 01:51:42,56.3703,98.3543,48.83,65,100,8.84,light rain
513,High Prairie,CA,2021-05-28 01:51:43,55.4334,-116.4858,58.3,73,55,9.75,broken clouds
514,Teahupoo,PF,2021-05-28 01:51:43,-17.8333,-149.2667,78.76,61,48,2.28,scattered clouds
515,Kerema,PG,2021-05-28 01:51:43,-7.9631,145.7785,80.94,73,78,6.33,broken clouds
516,Grand Gaube,MU,2021-05-28 01:51:44,-20.0064,57.6608,74.37,76,9,4.0,clear sky
517,Lavrentiya,RU,2021-05-28 01:51:44,65.5833,-171.0,35.06,87,5,9.98,clear sky
518,Poum,NC,2021-05-28 01:51:44,-20.2333,164.0167,73.81,67,47,10.54,scattered clouds
519,Mareeba,AU,2021-05-28 01:51:45,-17.0,145.4333,76.48,69,8,9.93,clear sky
520,Bayan,CN,2021-05-28 01:51:45,46.0833,127.4,64.08,51,100,5.32,overcast clouds
521,Raton,US,2021-05-28 01:51:45,36.9034,-104.4391,70.41,20,1,5.77,clear sky
522,Matara,LK,2021-05-28 01:51:46,5.9485,80.5353,80.22,86,99,14.81,overcast clouds
523,Mwinilunga,ZM,2021-05-28 01:51:46,-11.7358,24.4293,48.47,63,1,4.03,clear sky
524,Kirkland Lake,CA,2021-05-28 01:51:46,48.1446,-80.0377,39.49,41,7,4.18,clear sky
525,Rio De Janeiro,BR,2021-05-28 01:50:00,-22.9028,-43.2075,73.36,92,20,6.91,few clouds
526,Hovd,MN,2021-05-28 01:51:47,48.0056,91.6419,74.17,18,98,10.36,overcast clouds
527,Micheweni,TZ,2021-05-28 01:51:47,-4.9667,39.8333,76.3,80,100,12.35,overcast clouds
528,Simao,CN,2021-05-28 01:51:48,22.7886,100.9748,75.02,81,97,2.24,overcast clouds
529,Khorinsk,RU,2021-05-28 01:51:48,52.1657,109.7726,49.91,59,96,10.87,overcast clouds
530,Peachland,CA,2021-05-28 01:51:48,49.7665,-119.7357,68.67,29,76,1.99,broken clouds
531,Planeta Rica,CO,2021-05-28 01:51:49,8.4147,-75.5883,76.26,84,22,6.85,few clouds
532,Ilulissat,GL,2021-05-28 01:51:49,69.2167,-51.1,43.16,57,100,13.58,overcast clouds
533,Tevriz,RU,2021-05-28 01:51:49,57.509,72.4042,47.57,64,100,4.72,overcast clouds
534,Puerto Varas,CL,2021-05-28 01:51:50,-41.3195,-72.9854,50.22,93,90,8.84,overcast clouds
535,Walvis Bay,NA,2021-05-28 01:51:50,-22.9575,14.5053,56.35,76,7,13.94,clear sky
536,Tashla,RU,2021-05-28 01:51:50,51.7716,52.7427,61.81,62,96,11.81,overcast clouds
537,Atbasar,KZ,2021-05-28 01:51:51,51.8,68.3333,56.86,56,0,9.06,clear sky
538,Yerbogachen,RU,2021-05-28 01:51:51,61.2767,108.0108,59.68,53,56,3.47,light rain
539,Nizhnevartovsk,RU,2021-05-28 01:51:51,60.9344,76.5531,37.42,56,90,11.18,overcast clouds
540,Laureles,US,2021-05-28 01:51:52,26.1092,-97.4941,83.1,85,75,10.0,broken clouds
541,Dwarahat,IN,2021-05-28 01:51:52,29.7833,79.4333,72.23,56,0,2.24,clear sky
542,Oktyabrskiy,RU,2021-05-28 01:51:52,54.4815,53.471,54.03,77,0,2.82,clear sky
543,Sobolevo,RU,2021-05-28 01:51:53,54.4299,31.8996,52.57,89,100,3.27,overcast clouds
544,Mumford,GH,2021-05-28 01:51:53,5.2618,-0.759,79.43,85,96,5.19,light rain
545,Babati,TZ,2021-05-28 01:51:53,-4.2167,35.75,54.7,96,100,1.61,overcast clouds
546,Alice Springs,AU,2021-05-28 01:48:03,-23.7,133.8833,58.55,36,0,19.57,clear sky
547,Omboue,GA,2021-05-28 01:51:54,-1.5746,9.2618,74.97,92,100,4.81,overcast clouds
548,Kodino,RU,2021-05-28 01:51:54,63.7198,39.6447,41.23,94,98,5.1,overcast clouds
549,Mongu,ZM,2021-05-28 01:51:55,-15.2484,23.1274,50.49,47,0,4.63,clear sky
550,Wewak,PG,2021-05-28 01:51:55,-3.5534,143.6268,84.24,75,81,3.13,broken clouds
551,Matamoros,MX,2021-05-28 01:51:55,25.5333,-103.25,94.1,23,28,8.61,scattered clouds
552,Yuli,NG,2021-05-28 01:51:56,9.6989,10.2744,80.37,67,10,4.07,clear sky
553,Nizhniye Sergi,RU,2021-05-28 01:51:56,56.6614,59.3033,51.46,64,6,1.57,clear sky
554,Haines Junction,CA,2021-05-28 01:51:56,60.7522,-137.5108,53.55,40,100,14.97,overcast clouds
555,Kurkino,RU,2021-05-28 01:51:57,53.4257,38.6582,56.86,83,26,6.22,scattered clouds
556,Mahajanga,MG,2021-05-28 01:51:57,-15.7167,46.3167,68.02,88,20,3.44,few clouds
557,San Juan Del Sur,NI,2021-05-28 01:51:57,11.2529,-85.8705,81.3,75,99,20.85,overcast clouds
558,Tomatlan,MX,2021-05-28 01:50:14,19.9333,-105.25,77.07,68,35,3.18,scattered clouds
559,Ambulu,ID,2021-05-28 01:51:58,-8.345,113.6058,84.58,67,7,2.21,clear sky
560,Cairns,AU,2021-05-28 01:51:58,-16.9167,145.7667,81.1,65,75,12.66,broken clouds
561,Ola,RU,2021-05-28 01:51:58,59.5833,151.2833,40.64,86,100,5.73,overcast clouds
562,Hofn,IS,2021-05-28 01:51:59,64.2539,-15.2082,43.54,84,100,10.29,overcast clouds
563,Leeton,AU,2021-05-28 01:51:59,-34.5667,146.4,55.31,62,0,13.42,clear sky
564,Port Elizabeth,ZA,2021-05-28 01:51:59,-33.918,25.5701,57.49,62,0,5.75,clear sky
565,Miri,MY,2021-05-28 01:52:00,4.4148,114.0089,77.14,94,40,2.59,moderate rain
566,Vestmannaeyjar,IS,2021-05-28 01:52:01,63.4427,-20.2734,45.5,87,100,42.93,overcast clouds
567,Davila,PH,2021-05-28 01:52:02,18.4726,120.5763,89.58,61,72,4.83,broken clouds
568,Alexandria,EG,2021-05-28 01:50:25,31.2156,29.9553,71.56,83,0,6.91,clear sky
569,Okhotsk,RU,2021-05-28 01:52:03,59.3833,143.3,46.85,66,100,6.17,overcast clouds
570,Mercedes,AR,2021-05-28 01:52:03,-34.6515,-59.4307,60.85,92,20,8.52,few clouds
571,Pacific Grove,US,2021-05-28 01:48:37,36.6177,-121.9166,72.61,83,90,5.01,overcast clouds
572,Taksimo,RU,2021-05-28 01:52:04,56.3444,114.8794,56.39,50,53,4.68,broken clouds
573,Santiago,CL,2021-05-28 01:49:42,-33.4569,-70.6483,61.86,46,75,3.38,broken clouds
574,Mugur-Aksy,RU,2021-05-28 01:52:04,50.35,90.5,55.9,52,100,6.67,overcast clouds
575,Bitung,ID,2021-05-28 01:52:05,1.4451,125.1824,90.45,74,82,9.55,broken clouds
576,Duldurga,RU,2021-05-28 01:52:05,50.6761,113.5931,56.26,34,1,1.77,clear sky
577,Ormara,PK,2021-05-28 01:52:05,25.2088,64.6357,84.51,82,2,8.12,clear sky
578,Sabang,ID,2021-05-28 01:50:22,5.8933,95.3214,84.61,70,64,19.89,broken clouds
579,Kondinskoye,RU,2021-05-28 01:52:06,59.6481,67.41,44.71,66,100,7.38,overcast clouds
580,Portland,US,2021-05-28 01:48:15,45.5234,-122.6762,61.61,60,90,4.0,overcast clouds
581,Alvarado,MX,2021-05-28 01:52:06,18.7667,-95.7667,84.29,81,100,11.34,overcast clouds
582,Paamiut,GL,2021-05-28 01:52:07,61.994,-49.6678,38.86,80,98,11.65,overcast clouds
583,Khasan,RU,2021-05-28 01:52:07,42.4308,130.6434,54.39,81,100,9.93,overcast clouds
584,Never,FR,2021-05-28 01:52:07,46.9896,3.159,46.44,93,76,5.41,broken clouds
585,Puquio,PE,2021-05-28 01:52:08,-14.7,-74.1333,48.58,87,30,0.67,scattered clouds
586,Tiarei,PF,2021-05-28 01:52:08,-17.5333,-149.3333,84.22,64,17,2.77,few clouds
587,Sibu,MY,2021-05-28 01:52:08,2.3,111.8167,80.91,83,40,5.01,scattered clouds
588,Sao Geraldo Do Araguaia,BR,2021-05-28 01:52:09,-6.4006,-48.555,71.65,83,32,2.73,scattered clouds
589,Kenai,US,2021-05-28 01:52:09,60.5544,-151.2583,62.02,66,1,27.63,clear sky
590,Aripuana,BR,2021-05-28 01:52:09,-9.1667,-60.6333,73.27,73,63,1.19,broken clouds
591,Shunyi,CN,2021-05-28 01:52:10,40.125,116.6453,80.08,29,0,22.37,clear sky
592,Anadyr,RU,2021-05-28 01:52:10,64.75,177.4833,45.1,60,0,5.61,clear sky
593,Dedougou,BF,2021-05-28 01:52:10,12.4667,-3.4667,90.88,39,94,10.0,overcast clouds
594,Massaguet,TD,2021-05-28 01:52:11,12.4755,15.4365,89.64,41,98,8.9,overcast clouds
595,Xai-Xai,MZ,2021-05-28 01:52:11,-25.0519,33.6442,59.47,78,3,8.7,clear sky
596,Bereda,ES,2021-05-28 01:52:11,43.2686,-7.5406,56.57,100,100,0.36,overcast clouds
597,Grindavik,IS,2021-05-28 01:52:12,63.8424,-22.4338,46.87,66,75,35.88,broken clouds
598,Lufkin,US,2021-05-28 01:52:12,31.3382,-94.7291,82.53,74,1,6.53,clear sky
599,Kralendijk,BQ,2021-05-28 01:52:12,12.15,-68.2667,82.38,78,20,17.27,few clouds
600,Talakan,RU,2021-05-28 01:52:13,50.3167,130.3667,57.87,70,97,8.99,light rain
601,Namatanai,PG,2021-05-28 01:52:13,-3.6667,152.4333,78.51,89,100,6.89,light rain
602,Pangnirtung,CA,2021-05-28 01:52:13,66.1451,-65.7125,26.82,95,74,2.13,broken clouds
603,Cabra,ES,2021-05-28 01:52:14,37.4725,-4.4421,60.66,84,100,2.33,overcast clouds
604,Voh,NC,2021-05-28 01:52:14,-20.9667,164.7,77.52,54,75,9.42,broken clouds
605,Amahai,ID,2021-05-28 01:52:14,-3.3333,128.9167,82.6,74,27,4.45,scattered clouds
606,Kyshtovka,RU,2021-05-28 01:52:15,56.555,76.6271,47.97,46,10,8.68,clear sky
607,Dibulla,CO,2021-05-28 01:52:15,11.2725,-73.3091,78.13,88,60,4.36,broken clouds
608,Barabai,ID,2021-05-28 01:52:15,-2.5833,115.3833,89.2,59,20,1.48,few clouds
609,Bubaque,GW,2021-05-28 01:52:16,11.2833,-15.8333,77.9,76,11,2.91,few clouds
610,Mogadishu,SO,2021-05-28 01:51:45,2.0371,45.3438,78.31,81,66,12.59,broken clouds
611,Sillamae,EE,2021-05-28 01:52:16,59.3997,27.7547,45.41,94,12,7.9,few clouds
612,Usinsk,RU,2021-05-28 01:52:17,65.9939,57.5281,39.24,52,18,9.55,few clouds
613,Babu,CN,2021-05-28 01:52:17,24.4167,111.5167,85.62,77,54,3.53,broken clouds
614,Rodrigues Alves,BR,2021-05-28 01:52:17,-7.738,-72.6509,74.82,79,44,2.42,scattered clouds
615,Sumbe,AO,2021-05-28 01:52:18,-11.2061,13.8437,74.05,68,8,4.85,clear sky
616,Aksarka,RU,2021-05-28 01:52:18,66.5606,67.7975,36.52,54,18,0.58,few clouds
617,Southbridge,US,2021-05-28 01:52:18,42.0751,-72.0334,65.32,70,49,5.46,scattered clouds
618,Kormend,HU,2021-05-28 01:52:19,47.011,16.606,50.95,91,98,4.25,overcast clouds
619,Karpogory,RU,2021-05-28 01:52:19,64.0019,44.4451,38.64,94,75,7.05,broken clouds
620,Lufilufi,WS,2021-05-28 01:52:19,-13.8745,-171.5986,89.38,68,50,5.61,scattered clouds
621,Kuybysheve,UA,2021-05-28 01:52:20,47.358,36.6491,62.62,66,90,5.73,overcast clouds
622,North Branch,US,2021-05-28 01:52:20,45.5113,-92.9802,45.09,88,100,10.29,overcast clouds
623,Candido Mendes,BR,2021-05-28 01:52:20,-1.4467,-45.7167,74.23,94,32,2.3,scattered clouds
624,Itarema,BR,2021-05-28 01:52:21,-2.9248,-39.9167,78.13,81,16,11.52,few clouds
625,Harindanga,IN,2021-05-28 01:52:21,22.0383,88.3214,84.18,74,52,15.86,broken clouds
626,Aleksandrov Gay,RU,2021-05-28 01:52:21,50.147,48.5704,62.69,59,90,12.77,overcast clouds
627,Cape Coast,GH,2021-05-28 01:52:22,5.1053,-1.2466,79.52,87,100,6.98,light rain
628,Daloa,CI,2021-05-28 01:48:06,6.8774,-6.4502,72.82,97,42,4.18,scattered clouds
629,Fuerte Olimpo,PY,2021-05-28 01:52:22,-21.0415,-57.8738,79.95,53,89,5.88,overcast clouds
630,Kasane,BW,2021-05-28 01:52:22,-17.8167,25.15,49.59,54,0,2.64,clear sky
631,Tarakan,ID,2021-05-28 01:52:23,3.3,117.6333,85.5,79,40,5.75,scattered clouds
632,Port Hedland,AU,2021-05-28 01:52:23,-20.3167,118.5667,84.25,28,40,21.85,scattered clouds
633,Prainha,BR,2021-05-28 01:52:24,-1.8,-53.48,76.62,87,100,3.22,overcast clouds
634,Dawlatabad,AF,2021-05-28 01:52:24,36.4141,64.9053,82.89,18,22,3.13,few clouds
635,Holzwickede,DE,2021-05-28 01:52:24,51.5,7.6333,49.28,93,90,3.44,overcast clouds
636,Arona,ES,2021-05-28 01:52:25,28.0996,-16.681,60.82,69,75,1.99,broken clouds
637,Jequie,BR,2021-05-28 01:52:25,-13.8575,-40.0836,63.41,90,9,2.17,clear sky
638,Hays,US,2021-05-28 01:52:25,30.0502,-98.0336,82.31,77,100,4.0,overcast clouds
639,Fukuma,JP,2021-05-28 01:52:18,33.7667,130.4667,78.04,60,95,9.42,overcast clouds
640,Ixtapa,MX,2021-05-28 01:52:26,20.7,-105.2,80.22,82,9,4.0,clear sky
641,Arkhangelskoye,RU,2021-05-28 01:52:26,55.8549,35.3287,52.7,91,100,3.09,overcast clouds
642,Acajutla,SV,2021-05-28 01:48:19,13.5928,-89.8275,84.79,82,59,5.61,broken clouds
643,Coahuayana,MX,2021-05-28 01:52:27,18.7333,-103.6833,78.35,74,100,1.59,overcast clouds
644,Saint Anthony,US,2021-05-28 01:52:27,45.0205,-93.218,44.94,88,90,1.99,light rain
645,Bor,RU,2021-05-28 01:52:27,56.3567,44.0669,61.56,96,92,3.22,light rain
646,Yatsushiro,JP,2021-05-28 01:52:27,32.5,130.6,72.0,60,100,5.17,overcast clouds
647,Klaksvik,FO,2021-05-28 01:52:28,62.2266,-6.589,45.52,85,91,13.49,overcast clouds
648,Moscow,RU,2021-05-28 01:51:11,55.7522,37.6156,59.52,95,84,2.64,broken clouds
649,Inhambane,MZ,2021-05-28 01:52:28,-23.865,35.3833,62.98,81,0,6.44,clear sky
650,Dothan,US,2021-05-28 01:49:06,31.2232,-85.3905,79.0,67,1,9.35,clear sky
651,Byron Bay,AU,2021-05-28 01:51:10,-28.65,153.6167,71.06,56,0,10.67,clear sky
652,Riyadh,SA,2021-05-28 01:50:27,24.6877,46.7219,86.05,12,0,3.44,clear sky
653,Carora,VE,2021-05-28 01:52:29,10.1755,-70.0827,76.57,73,27,7.25,scattered clouds
654,Altay,CN,2021-05-28 01:52:29,47.8667,88.1167,75.51,30,10,8.68,clear sky
655,Coihaique,CL,2021-05-28 01:48:24,-45.5752,-72.0662,37.35,100,75,4.61,broken clouds
656,Acapulco,MX,2021-05-28 01:50:39,16.8634,-99.8901,83.07,64,100,4.21,overcast clouds
657,Mandera,KE,2021-05-28 01:50:09,3.9366,41.867,76.03,69,49,11.14,scattered clouds
658,Vitim,RU,2021-05-28 01:52:30,59.4511,112.5578,61.45,46,55,1.52,broken clouds
659,San Juan,AR,2021-05-28 01:52:30,-31.5375,-68.5364,66.72,22,100,2.75,overcast clouds
660,Sao Felix Do Xingu,BR,2021-05-28 01:52:31,-6.6447,-51.995,69.15,83,43,2.26,scattered clouds
661,Tete,MZ,2021-05-28 01:52:31,-16.1564,33.5867,53.69,76,0,3.44,clear sky
662,Santiago Del Estero,AR,2021-05-28 01:51:24,-27.7951,-64.2615,66.25,61,2,6.96,clear sky
663,Leh,IN,2021-05-28 01:52:32,34.1667,77.5833,47.62,31,0,1.7,clear sky
664,Farah,AF,2021-05-28 01:52:32,32.5,62.5,77.56,23,0,2.06,clear sky
665,Athni,IN,2021-05-28 01:52:32,16.7333,75.0667,77.72,72,97,16.13,overcast clouds
666,Raduzhnyy,RU,2021-05-28 01:52:33,62.0961,77.475,37.42,57,15,16.08,few clouds
